run_id,revision,payload_bytes,measured_publishes,observation_every_publishes,scenario_elapsed_ms,throughput_messages_per_second,latency_p50_us,latency_p99_us,latency_p999_us,observer_io_seconds,observer_io_fraction,phase,message_index,sample_elapsed_ms,node_id,group_id,raft_log_file_bytes,retained_log_entries,first_log_index,last_log_index,last_purged_log_index,committed_log_index,state_machine_journal_file_bytes,state_machine_checkpoint_file_bytes,snapshot_file_bytes
20260929124859229798,49652a19cbd11fe68f79c602df3522a42dfaceba,100,256,8,273.841764,934.8464465778128,809.5465,1357.6254499999998,5427.9384400000245,0.046309724,0.16911125360702833,initial,0,0,1,636c75737465725f32303236303932393132343835393232393739385f726166745f6c6f675f67726f7774685f313030,1402,4,0,3,,3,1279,0,0
20260929124859229798,49652a19cbd11fe68f79c602df3522a42dfaceba,100,256,8,273.841764,934.8464465778128,809.5465,1357.6254499999998,5427.9384400000245,0.046309724,0.16911125360702833,initial,0,0,2,636c75737465725f32303236303932393132343835393232393739385f726166745f6c6f675f67726f7774685f313030,1402,4,0,3,,3,1279,0,0
20260929124859229798,49652a19cbd11fe68f79c602df3522a42dfaceba,100,256,8,273.841764,934.8464465778128,809.5465,1357.6254499999998,5427.9384400000245,0.046309724,0.16911125360702833,initial,0,0,3,636c75737465725f32303236303932393132343835393232393739385f726166745f6c6f675f67726f7774685f313030,1402,4,0,3,,3,1279,0,0
20260929124859229798,49652a19cbd11fe68f79c602df3522a42dfaceba,100,256,8,273.841764,934.8464465778128,809.5465,1357.6254499999998,5427.9384400000245,0.046309724,0.16911125360702833,publish,8,7.362747,1,636c75737465725f32303236303932393132343835393232393739385f726166745f6c6f675f67726f7774685f313030,6447,12,0,11,,11,6409,0,0
20260929124859229798,49652a19cbd11fe68f79c602df3522a42dfaceba,100,256,8,273.841764,934.8464465778128,809.5465,1357.6254499999998,5427.9384400000245,0.046309724,0.16911125360702833,publish,8,7.362747,2,636c75737465725f32303236303932393132343835393232393739385f726166745f6c6f675f67726f7774685f313030,6447,12,0,11,,11,6409,0,0
20260929124859229798,49652a19cbd11fe68f79c602df3522a42dfaceba,100,256,8,273.841764,934.8464465778128,809.5465,1357.6254499999998,5427.9384400000245,0.046309724,0.16911125360702833,publish,8,7.362747,3,636c75737465725f32303236303932393132343835393232393739385f726166745f6c6f675f67726f7774685f313030,6447,12,0,11,,11,6409,0,0
20260929124859229798,49652a19cbd11fe68f79c602df3522a42dfaceba,100,256,8,273.841764,934.8464465778128,809.5465,1357.6254499999998,5427.9384400000245,0.046309724,0.16911125360702833,publish,16,15.002651,1,636c75737465725f32303236303932393132343835393232393739385f726166745f6c6f675f67726f7774685f313030,11503,20,0,19,,19,11545,0,0
20260929124859229798,49652a19cbd11fe68f79c602df3522a42dfaceba,100,256,8,273.841764,934.8464465778128,809.5465,1357.6254499999998,5427.9384400000245,0.046309724,0.16911125360702833,publish,16,15.002651,2,636c75737465725f32303236303932393132343835393232393739385f726166745f6c6f675f67726f7774685f313030,11503,20,0,19,,19,11545,0,0
20260929124859229798,49652a19cbd11fe68f79c602df3522a42dfaceba,100,256,8,273.841764,934.8464465778128,809.5465,1357.6254499999998,5427.9384400000245,0.046309724,0.16911125360702833,publish,16,15.002651,3,636c75737465725f32303236303932393132343835393232393739385f726166745f6c6f675f67726f7774685f313030,11503,20,0,19,,19,11545,0,0
20260929124859229798,49652a19cbd11fe68f79c602df3522a42dfaceba,100,256,8,273.841764,934.8464465778128,809.5465,1357.6254499999998,5427.9384400000245,0.046309724,0.16911125360702833,publish,24,24.080776,1,636c75737465725f32303236303932393132343835393232393739385f726166745f6c6f675f67726f7774685f313030,16559,28,0,27,,27,16681,0,0
20260929124859229798,49652a19cbd11fe68f79c602df3522a42dfaceba,100,256,8,273.841764,934.8464465778128,809.5465,1357.6254499999998,5427.9384400000245,0.046309724,0.16911125360702833,publish,24,24.080776,2,636c75737465725f32303236303932393132343835393232393739385f726166745f6c6f675f67726f7774685f313030,16559,28,0,27,,27,16681,0,0
20260929124859229798,49652a19cbd11fe68f79c602df3522a42dfaceba,100,256,8,273.841764,934.8464465778128,809.5465,1357.6254499999998,5427.9384400000245,0.046309724,0.16911125360702833,publish,24,24.080776,3,636c75737465725f32303236303932393132343835393232393739385f726166745f6c6f675f67726f7774685f313030,16559,28,0,27,,27,16681,0,0
20260929124859229798,49652a19cbd11fe68f79c602df3522a42dfaceba,100,256,8,273.841764,934.8464465778128,809.5465,1357.6254499999998,5427.9384400000245,0.046309724,0.16911125360702833,publish,32,33.228526,1,636c75737465725f32303236303932393132343835393232393739385f726166745f6c6f675f67726f7774685f313030,5267,8,28,35,27,35,2568,0,42047
20260929124859229798,49652a19cbd11fe68f79c602df3522a42dfaceba,100,256,8,273.841764,934.8464465778128,809.5465,1357.6254499999998,5427.9384400000245,0.046309724,0.16911125360702833,publish,32,33.228526,2,636c75737465725f32303236303932393132343835393232393739385f726166745f6c6f675f67726f7774685f313030,5267,8,28,35,27,35,2568,0,42047
20260929124859229798,49652a19cbd11fe68f79c602df3522a42dfaceba,100,256,8,273.841764,934.8464465778128,809.5465,1357.6254499999998,5427.9384400000245,0.046309724,0.16911125360702833,publish,32,33.228526,3,636c75737465725f32303236303932393132343835393232393739385f726166745f6c6f675f67726f7774685f313030,5267,8,28,35,27,35,2568,0,42047
20260929124859229798,49652a19cbd11fe68f79c602df3522a42dfaceba,100,256,8,273.841764,934.8464465778128,809.5465,1357.6254499999998,5427.9384400000245,0.046309724,0.16911125360702833,publish,40,41.788054,1,636c75737465725f32303236303932393132343835393232393739385f726166745f6c6f675f67726f7774685f313030,10323,16,28,43,27,43,7704,0,42047
20260929124859229798,49652a19cbd11fe68f79c602df3522a42dfaceba,100,256,8,273.841764,934.8464465778128,809.5465,1357.6254499999998,5427.9384400000245,0.046309724,0.16911125360702833,publish,40,41.788054,2,636c75737465725f32303236303932393132343835393232393739385f726166745f6c6f675f67726f7774685f313030,10323,16,28,43,27,43,7704,0,42047
20260929124859229798,49652a19cbd11fe68f79c602df3522a42dfaceba,100,256,8,273.841764,934.8464465778128,809.5465,1357.6254499999998,5427.9384400000245,0.046309724,0.16911125360702833,publish,40,41.788054,3,636c75737465725f32303236303932393132343835393232393739385f726166745f6c6f675f67726f7774685f313030,10323,16,28,43,27,43,7704,0,42047
20260929124859229798,49652a19cbd11fe68f79c602df3522a42dfaceba,100,256,8,273.841764,934.8464465778128,809.5465,1357.6254499999998,5427.9384400000245,0.046309724,0.16911125360702833,publish,48,50.692871,1,636c75737465725f32303236303932393132343835393232393739385f726166745f6c6f675f67726f7774685f313030,15379,24,28,51,27,51,12840,0,42047
20260929124859229798,49652a19cbd11fe68f79c602df3522a42dfaceba,100,256,8,273.841764,934.8464465778128,809.5465,1357.6254499999998,5427.9384400000245,0.046309724,0.16911125360702833,publish,48,50.692871,2,636c75737465725f32303236303932393132343835393232393739385f726166745f6c6f675f67726f7774685f313030,15379,24,28,51,27,51,12840,0,42047
20260929124859229798,49652a19cbd11fe68f79c602df3522a42dfaceba,100,256,8,273.841764,934.8464465778128,809.5465,1357.6254499999998,5427.9384400000245,0.046309724,0.16911125360702833,publish,48,50.692871,3,636c75737465725f32303236303932393132343835393232393739385f726166745f6c6f675f67726f7774685f313030,15379,24,28,51,27,51,12840,0,42047
20260929124859229798,49652a19cbd11fe68f79c602df3522a42dfaceba,100,256,8,273.841764,934.8464465778128,809.5465,1357.6254499999998,5427.9384400000245,0.046309724,0.16911125360702833,publish,56,56.740194,1,636c75737465725f32303236303932393132343835393232393739385f726166745f6c6f675f67726f7774685f313030,20435,32,28,59,27,59,17976,0,42047
20260929124859229798,49652a19cbd11fe68f79c602df3522a42dfaceba,100,256,8,273.841764,934.8464465778128,809.5465,1357.6254499999998,5427.9384400000245,0.046309724,0.16911125360702833,publish,56,56.740194,2,636c75737465725f32303236303932393132343835393232393739385f726166745f6c6f675f67726f7774685f313030,20435,32,28,59,27,59,17976,0,42047
20260929124859229798,49652a19cbd11fe68f79c602df3522a42dfaceba,100,256,8,273.841764,934.8464465778128,809.5465,1357.6254499999998,5427.9384400000245,0.046309724,0.16911125360702833,publish,56,56.740194,3,636c75737465725f32303236303932393132343835393232393739385f726166745f6c6f675f67726f7774685f313030,20435,32,28,59,27,59,17976,0,42047
20260929124859229798,49652a19cbd11fe68f79c602df3522a42dfaceba,100,256,8,273.841764,934.8464465778128,809.5465,1357.6254499999998,5427.9384400000245,0.046309724,0.16911125360702833,publish,64,61.944158,1,636c75737465725f32303236303932393132343835393232393739385f726166745f6c6f675f67726f7774685f313030,5267,8,60,67,59,67,2568,0,86719
20260929124859229798,49652a19cbd11fe68f79c602df3522a42dfaceba,100,256,8,273.841764,934.8464465778128,809.5465,1357.6254499999998,5427.9384400000245,0.046309724,0.16911125360702833,publish,64,61.944158,2,636c75737465725f32303236303932393132343835393232393739385f726166745f6c6f675f67726f7774685f313030,5267,8,60,67,59,67,2568,0,86719
20260929124859229798,49652a19cbd11fe68f79c602df3522a42dfaceba,100,256,8,273.841764,934.8464465778128,809.5465,1357.6254499999998,5427.9384400000245,0.046309724,0.16911125360702833,publish,64,61.944158,3,636c75737465725f32303236303932393132343835393232393739385f726166745f6c6f675f67726f7774685f313030,5267,8,60,67,59,67,2568,0,86719
20260929124859229798,49652a19cbd11fe68f79c602df3522a42dfaceba,100,256,8,273.841764,934.8464465778128,809.5465,1357.6254499999998,5427.9384400000245,0.046309724,0.16911125360702833,publish,72,69.427293,1,636c75737465725f32303236303932393132343835393232393739385f726166745f6c6f675f67726f7774685f313030,10323,16,60,75,59,75,7704,0,86719
20260929124859229798,49652a19cbd11fe68f79c602df3522a42dfaceba,100,256,8,273.841764,934.8464465778128,809.5465,1357.6254499999998,5427.9384400000245,0.046309724,0.16911125360702833,publish,72,69.427293,2,636c75737465725f32303236303932393132343835393232393739385f726166745f6c6f675f67726f7774685f313030,10323,16,60,75,59,75,7704,0,86719
20260929124859229798,49652a19cbd11fe68f79c602df3522a42dfaceba,100,256,8,273.841764,934.8464465778128,809.5465,1357.6254499999998,5427.9384400000245,0.046309724,0.16911125360702833,publish,72,69.427293,3,636c75737465725f32303236303932393132343835393232393739385f726166745f6c6f675f67726f7774685f313030,10323,16,60,75,59,75,7704,0,86719
20260929124859229798,49652a19cbd11fe68f79c602df3522a42dfaceba,100,256,8,273.841764,934.8464465778128,809.5465,1357.6254499999998,5427.9384400000245,0.046309724,0.16911125360702833,publish,80,76.638146,1,636c75737465725f32303236303932393132343835393232393739385f726166745f6c6f675f67726f7774685f313030,15379,24,60,83,59,83,12840,0,86719
20260929124859229798,49652a19cbd11fe68f79c602df3522a42dfaceba,100,256,8,273.841764,934.8464465778128,809.5465,1357.6254499999998,5427.9384400000245,0.046309724,0.16911125360702833,publish,80,76.638146,2,636c75737465725f32303236303932393132343835393232393739385f726166745f6c6f675f67726f7774685f313030,15379,24,60,83,59,83,12840,0,86719
20260929124859229798,49652a19cbd11fe68f79c602df3522a42dfaceba,100,256,8,273.841764,934.8464465778128,809.5465,1357.6254499999998,5427.9384400000245,0.046309724,0.16911125360702833,publish,80,76.638146,3,636c75737465725f32303236303932393132343835393232393739385f726166745f6c6f675f67726f7774685f313030,15379,24,60,83,59,83,12840,0,86719
20260929124859229798,49652a19cbd11fe68f79c602df3522a42dfaceba,100,256,8,273.841764,934.8464465778128,809.5465,1357.6254499999998,5427.9384400000245,0.046309724,0.16911125360702833,publish,88,88.282258,1,636c75737465725f32303236303932393132343835393232393739385f726166745f6c6f675f67726f7774685f313030,20435,32,60,91,59,91,17976,0,86719
20260929124859229798,49652a19cbd11fe68f79c602df3522a42dfaceba,100,256,8,273.841764,934.8464465778128,809.5465,1357.6254499999998,5427.9384400000245,0.046309724,0.16911125360702833,publish,88,88.282258,2,636c75737465725f32303236303932393132343835393232393739385f726166745f6c6f675f67726f7774685f313030,20435,32,60,91,59,91,17976,0,86719
20260929124859229798,49652a19cbd11fe68f79c602df3522a42dfaceba,100,256,8,273.841764,934.8464465778128,809.5465,1357.6254499999998,5427.9384400000245,0.046309724,0.16911125360702833,publish,88,88.282258,3,636c75737465725f32303236303932393132343835393232393739385f726166745f6c6f675f67726f7774685f313030,20435,32,60,91,59,91,17976,0,86719
20260929124859229798,49652a19cbd11fe68f79c602df3522a42dfaceba,100,256,8,273.841764,934.8464465778128,809.5465,1357.6254499999998,5427.9384400000245,0.046309724,0.16911125360702833,publish,96,97.829203,1,636c75737465725f32303236303932393132343835393232393739385f726166745f6c6f675f67726f7774685f313030,5267,8,92,99,91,99,2568,0,131391
20260929124859229798,49652a19cbd11fe68f79c602df3522a42dfaceba,100,256,8,273.841764,934.8464465778128,809.5465,1357.6254499999998,5427.9384400000245,0.046309724,0.16911125360702833,publish,96,97.829203,2,636c75737465725f32303236303932393132343835393232393739385f726166745f6c6f675f67726f7774685f313030,5267,8,92,99,91,99,2568,0,131391
20260929124859229798,49652a19cbd11fe68f79c602df3522a42dfaceba,100,256,8,273.841764,934.8464465778128,809.5465,1357.6254499999998,5427.9384400000245,0.046309724,0.16911125360702833,publish,96,97.829203,3,636c75737465725f32303236303932393132343835393232393739385f726166745f6c6f675f67726f7774685f313030,5267,8,92,99,91,99,2568,0,131391
20260929124859229798,49652a19cbd11fe68f79c602df3522a42dfaceba,100,256,8,273.841764,934.8464465778128,809.5465,1357.6254499999998,5427.9384400000245,0.046309724,0.16911125360702833,publish,104,102.847976,1,636c75737465725f32303236303932393132343835393232393739385f726166745f6c6f675f67726f7774685f313030,10340,16,92,107,91,107,7712,0,131391
20260929124859229798,49652a19cbd11fe68f79c602df3522a42dfaceba,100,256,8,273.841764,934.8464465778128,809.5465,1357.6254499999998,5427.9384400000245,0.046309724,0.16911125360702833,publish,104,102.847976,2,636c75737465725f32303236303932393132343835393232393739385f726166745f6c6f675f67726f7774685f313030,10340,16,92,107,91,107,7712,0,131391
20260929124859229798,49652a19cbd11fe68f79c602df3522a42dfaceba,100,256,8,273.841764,934.8464465778128,809.5465,1357.6254499999998,5427.9384400000245,0.046309724,0.16911125360702833,publish,104,102.847976,3,636c75737465725f32303236303932393132343835393232393739385f726166745f6c6f675f67726f7774685f313030,10340,16,92,107,91,107,7712,0,131391
20260929124859229798,49652a19cbd11fe68f79c602df3522a42dfaceba,100,256,8,273.841764,934.8464465778128,809.5465,1357.6254499999998,5427.9384400000245,0.046309724,0.16911125360702833,publish,112,109.700257,1,636c75737465725f32303236303932393132343835393232393739385f726166745f6c6f675f67726f7774685f313030,15412,24,92,115,91,115,12856,0,131391
20260929124859229798,49652a19cbd11fe68f79c602df3522a42dfaceba,100,256,8,273.841764,934.8464465778128,809.5465,1357.6254499999998,5427.9384400000245,0.046309724,0.16911125360702833,publish,112,109.700257,2,636c75737465725f32303236303932393132343835393232393739385f726166745f6c6f675f67726f7774685f313030,15412,24,92,115,91,115,12856,0,131391
20260929124859229798,49652a19cbd11fe68f79c602df3522a42dfaceba,100,256,8,273.841764,934.8464465778128,809.5465,1357.6254499999998,5427.9384400000245,0.046309724,0.16911125360702833,publish,112,109.700257,3,636c75737465725f32303236303932393132343835393232393739385f726166745f6c6f675f67726f7774685f313030,15412,24,92,115,91,115,12856,0,131391
20260929124859229798,49652a19cbd11fe68f79c602df3522a42dfaceba,100,256,8,273.841764,934.8464465778128,809.5465,1357.6254499999998,5427.9384400000245,0.046309724,0.16911125360702833,publish,120,118.967112,1,636c75737465725f32303236303932393132343835393232393739385f726166745f6c6f675f67726f7774685f313030,20484,32,92,123,91,123,18000,0,131391
20260929124859229798,49652a19cbd11fe68f79c602df3522a42dfaceba,100,256,8,273.841764,934.8464465778128,809.5465,1357.6254499999998,5427.9384400000245,0.046309724,0.16911125360702833,publish,120,118.967112,2,636c75737465725f32303236303932393132343835393232393739385f726166745f6c6f675f67726f7774685f313030,20484,32,92,123,91,123,18000,0,131391
20260929124859229798,49652a19cbd11fe68f79c602df3522a42dfaceba,100,256,8,273.841764,934.8464465778128,809.5465,1357.6254499999998,5427.9384400000245,0.046309724,0.16911125360702833,publish,120,118.967112,3,636c75737465725f32303236303932393132343835393232393739385f726166745f6c6f675f67726f7774685f313030,20484,32,92,123,91,123,18000,0,131391
20260929124859229798,49652a19cbd11fe68f79c602df3522a42dfaceba,100,256,8,273.841764,934.8464465778128,809.5465,1357.6254499999998,5427.9384400000245,0.046309724,0.16911125360702833,publish,128,127.371574,1,636c75737465725f32303236303932393132343835393232393739385f726166745f6c6f675f67726f7774685f313030,5285,8,124,131,123,131,2572,0,176064
20260929124859229798,49652a19cbd11fe68f79c602df3522a42dfaceba,100,256,8,273.841764,934.8464465778128,809.5465,1357.6254499999998,5427.9384400000245,0.046309724,0.16911125360702833,publish,128,127.371574,2,636c75737465725f32303236303932393132343835393232393739385f726166745f6c6f675f67726f7774685f313030,5285,8,124,131,123,131,2572,0,176064
20260929124859229798,49652a19cbd11fe68f79c602df3522a42dfaceba,100,256,8,273.841764,934.8464465778128,809.5465,1357.6254499999998,5427.9384400000245,0.046309724,0.16911125360702833,publish,128,127.371574,3,636c75737465725f32303236303932393132343835393232393739385f726166745f6c6f675f67726f7774685f313030,5285,8,124,131,123,131,2572,0,176064
20260929124859229798,49652a19cbd11fe68f79c602df3522a42dfaceba,100,256,8,273.841764,934.8464465778128,809.5465,1357.6254499999998,5427.9384400000245,0.046309724,0.16911125360702833,publish,136,134.001421,1,636c75737465725f32303236303932393132343835393232393739385f726166745f6c6f675f67726f7774685f313030,10357,16,124,139,123,139,7716,0,176064
20260929124859229798,49652a19cbd11fe68f79c602df3522a42dfaceba,100,256,8,273.841764,934.8464465778128,809.5465,1357.6254499999998,5427.9384400000245,0.046309724,0.16911125360702833,publish,136,134.001421,2,636c75737465725f32303236303932393132343835393232393739385f726166745f6c6f675f67726f7774685f313030,10357,16,124,139,123,139,7716,0,176064
20260929124859229798,49652a19cbd11fe68f79c602df3522a42dfaceba,100,256,8,273.841764,934.8464465778128,809.5465,1357.6254499999998,5427.9384400000245,0.046309724,0.16911125360702833,publish,136,134.001421,3,636c75737465725f32303236303932393132343835393232393739385f726166745f6c6f675f67726f7774685f313030,10357,16,124,139,123,139,7716,0,176064
20260929124859229798,49652a19cbd11fe68f79c602df3522a42dfaceba,100,256,8,273.841764,934.8464465778128,809.5465,1357.6254499999998,5427.9384400000245,0.046309724,0.16911125360702833,publish,144,142.076566,1,636c75737465725f32303236303932393132343835393232393739385f726166745f6c6f675f67726f7774685f313030,15429,24,124,147,123,147,12860,0,176064
20260929124859229798,49652a19cbd11fe68f79c602df3522a42dfaceba,100,256,8,273.841764,934.8464465778128,809.5465,1357.6254499999998,5427.9384400000245,0.046309724,0.16911125360702833,publish,144,142.076566,2,636c75737465725f32303236303932393132343835393232393739385f726166745f6c6f675f67726f7774685f313030,15429,24,124,147,123,147,12860,0,176064
20260929124859229798,49652a19cbd11fe68f79c602df3522a42dfaceba,100,256,8,273.841764,934.8464465778128,809.5465,1357.6254499999998,5427.9384400000245,0.046309724,0.16911125360702833,publish,144,142.076566,3,636c75737465725f32303236303932393132343835393232393739385f726166745f6c6f675f67726f7774685f313030,15429,24,124,147,123,147,12860,0,176064
20260929124859229798,49652a19cbd11fe68f79c602df3522a42dfaceba,100,256,8,273.841764,934.8464465778128,809.5465,1357.6254499999998,5427.9384400000245,0.046309724,0.16911125360702833,publish,152,153.541045,1,636c75737465725f32303236303932393132343835393232393739385f726166745f6c6f675f67726f7774685f313030,20501,32,124,155,123,155,18004,0,176064
20260929124859229798,49652a19cbd11fe68f79c602df3522a42dfaceba,100,256,8,273.841764,934.8464465778128,809.5465,1357.6254499999998,5427.9384400000245,0.046309724,0.16911125360702833,publish,152,153.541045,2,636c75737465725f32303236303932393132343835393232393739385f726166745f6c6f675f67726f7774685f313030,20501,32,124,155,123,155,18004,0,176064
20260929124859229798,49652a19cbd11fe68f79c602df3522a42dfaceba,100,256,8,273.841764,934.8464465778128,809.5465,1357.6254499999998,5427.9384400000245,0.046309724,0.16911125360702833,publish,152,153.541045,3,636c75737465725f32303236303932393132343835393232393739385f726166745f6c6f675f67726f7774685f313030,20501,32,124,155,123,155,18004,0,176064
20260929124859229798,49652a19cbd11fe68f79c602df3522a42dfaceba,100,256,8,273.841764,934.8464465778128,809.5465,1357.6254499999998,5427.9384400000245,0.046309724,0.16911125360702833,publish,160,161.00328,1,636c75737465725f32303236303932393132343835393232393739385f726166745f6c6f675f67726f7774685f313030,5285,8,156,163,155,163,2572,0,220736
20260929124859229798,49652a19cbd11fe68f79c602df3522a42dfaceba,100,256,8,273.841764,934.8464465778128,809.5465,1357.6254499999998,5427.9384400000245,0.046309724,0.16911125360702833,publish,160,161.00328,2,636c75737465725f32303236303932393132343835393232393739385f726166745f6c6f675f67726f7774685f313030,5285,8,156,163,155,163,2572,0,220736
20260929124859229798,49652a19cbd11fe68f79c602df3522a42dfaceba,100,256,8,273.841764,934.8464465778128,809.5465,1357.6254499999998,5427.9384400000245,0.046309724,0.16911125360702833,publish,160,161.00328,3,636c75737465725f32303236303932393132343835393232393739385f726166745f6c6f675f67726f7774685f313030,5285,8,156,163,155,163,2572,0,220736
20260929124859229798,49652a19cbd11fe68f79c602df3522a42dfaceba,100,256,8,273.841764,934.8464465778128,809.5465,1357.6254499999998,5427.9384400000245,0.046309724,0.16911125360702833,publish,168,169.823265,1,636c75737465725f32303236303932393132343835393232393739385f726166745f6c6f675f67726f7774685f313030,10357,16,156,171,155,171,7716,0,220736
20260929124859229798,49652a19cbd11fe68f79c602df3522a42dfaceba,100,256,8,273.841764,934.8464465778128,809.5465,1357.6254499999998,5427.9384400000245,0.046309724,0.16911125360702833,publish,168,169.823265,2,636c75737465725f32303236303932393132343835393232393739385f726166745f6c6f675f67726f7774685f313030,10357,16,156,171,155,171,7716,0,220736
20260929124859229798,49652a19cbd11fe68f79c602df3522a42dfaceba,100,256,8,273.841764,934.8464465778128,809.5465,1357.6254499999998,5427.9384400000245,0.046309724,0.16911125360702833,publish,168,169.823265,3,636c75737465725f32303236303932393132343835393232393739385f726166745f6c6f675f67726f7774685f313030,10357,16,156,171,155,171,7716,0,220736
20260929124859229798,49652a19cbd11fe68f79c602df3522a42dfaceba,100,256,8,273.841764,934.8464465778128,809.5465,1357.6254499999998,5427.9384400000245,0.046309724,0.16911125360702833,publish,176,178.404412,1,636c75737465725f32303236303932393132343835393232393739385f726166745f6c6f675f67726f7774685f313030,15429,24,156,179,155,179,12860,0,220736
20260929124859229798,49652a19cbd11fe68f79c602df3522a42dfaceba,100,256,8,273.841764,934.8464465778128,809.5465,1357.6254499999998,5427.9384400000245,0.046309724,0.16911125360702833,publish,176,178.404412,2,636c75737465725f32303236303932393132343835393232393739385f726166745f6c6f675f67726f7774685f313030,15429,24,156,179,155,179,12860,0,220736
20260929124859229798,49652a19cbd11fe68f79c602df3522a42dfaceba,100,256,8,273.841764,934.8464465778128,809.5465,1357.6254499999998,5427.9384400000245,0.046309724,0.16911125360702833,publish,176,178.404412,3,636c75737465725f32303236303932393132343835393232393739385f726166745f6c6f675f67726f7774685f313030,15429,24,156,179,155,179,12860,0,220736
20260929124859229798,49652a19cbd11fe68f79c602df3522a42dfaceba,100,256,8,273.841764,934.8464465778128,809.5465,1357.6254499999998,5427.9384400000245,0.046309724,0.16911125360702833,publish,184,188.681515,1,636c75737465725f32303236303932393132343835393232393739385f726166745f6c6f675f67726f7774685f313030,20501,32,156,187,155,187,18004,0,220736
20260929124859229798,49652a19cbd11fe68f79c602df3522a42dfaceba,100,256,8,273.841764,934.8464465778128,809.5465,1357.6254499999998,5427.9384400000245,0.046309724,0.16911125360702833,publish,184,188.681515,2,636c75737465725f32303236303932393132343835393232393739385f726166745f6c6f675f67726f7774685f313030,20501,32,156,187,155,187,18004,0,220736
20260929124859229798,49652a19cbd11fe68f79c602df3522a42dfaceba,100,256,8,273.841764,934.8464465778128,809.5465,1357.6254499999998,5427.9384400000245,0.046309724,0.16911125360702833,publish,184,188.681515,3,636c75737465725f32303236303932393132343835393232393739385f726166745f6c6f675f67726f7774685f313030,20501,32,156,187,155,187,18004,0,220736
20260929124859229798,49652a19cbd11fe68f79c602df3522a42dfaceba,100,256,8,273.841764,934.8464465778128,809.5465,1357.6254499999998,5427.9384400000245,0.046309724,0.16911125360702833,publish,192,197.818953,1,636c75737465725f32303236303932393132343835393232393739385f726166745f6c6f675f67726f7774685f313030,5285,8,188,195,187,195,2572,0,265408
20260929124859229798,49652a19cbd11fe68f79c602df3522a42dfaceba,100,256,8,273.841764,934.8464465778128,809.5465,1357.6254499999998,5427.9384400000245,0.046309724,0.16911125360702833,publish,192,197.818953,2,636c75737465725f32303236303932393132343835393232393739385f726166745f6c6f675f67726f7774685f313030,5285,8,188,195,187,195,2572,0,265408
20260929124859229798,49652a19cbd11fe68f79c602df3522a42dfaceba,100,256,8,273.841764,934.8464465778128,809.5465,1357.6254499999998,5427.9384400000245,0.046309724,0.16911125360702833,publish,192,197.818953,3,636c75737465725f32303236303932393132343835393232393739385f726166745f6c6f675f67726f7774685f313030,5285,8,188,195,187,195,2572,0,265408
20260929124859229798,49652a19cbd11fe68f79c602df3522a42dfaceba,100,256,8,273.841764,934.8464465778128,809.5465,1357.6254499999998,5427.9384400000245,0.046309724,0.16911125360702833,publish,200,206.296804,1,636c75737465725f32303236303932393132343835393232393739385f726166745f6c6f675f67726f7774685f313030,10357,16,188,203,187,203,7716,0,265408
20260929124859229798,49652a19cbd11fe68f79c602df3522a42dfaceba,100,256,8,273.841764,934.8464465778128,809.5465,1357.6254499999998,5427.9384400000245,0.046309724,0.16911125360702833,publish,200,206.296804,2,636c75737465725f32303236303932393132343835393232393739385f726166745f6c6f675f67726f7774685f313030,10357,16,188,203,187,203,7716,0,265408
20260929124859229798,49652a19cbd11fe68f79c602df3522a42dfaceba,100,256,8,273.841764,934.8464465778128,809.5465,1357.6254499999998,5427.9384400000245,0.046309724,0.16911125360702833,publish,200,206.296804,3,636c75737465725f32303236303932393132343835393232393739385f726166745f6c6f675f67726f7774685f313030,10357,16,188,203,187,203,7716,0,265408
20260929124859229798,49652a19cbd11fe68f79c602df3522a42dfaceba,100,256,8,273.841764,934.8464465778128,809.5465,1357.6254499999998,5427.9384400000245,0.046309724,0.16911125360702833,publish,208,215.536637,1,636c75737465725f32303236303932393132343835393232393739385f726166745f6c6f675f67726f7774685f313030,15429,24,188,211,187,211,12860,0,265408
20260929124859229798,49652a19cbd11fe68f79c602df3522a42dfaceba,100,256,8,273.841764,934.8464465778128,809.5465,1357.6254499999998,5427.9384400000245,0.046309724,0.16911125360702833,publish,208,215.536637,2,636c75737465725f32303236303932393132343835393232393739385f726166745f6c6f675f67726f7774685f313030,15429,24,188,211,187,211,12860,0,265408
20260929124859229798,49652a19cbd11fe68f79c602df3522a42dfaceba,100,256,8,273.841764,934.8464465778128,809.5465,1357.6254499999998,5427.9384400000245,0.046309724,0.16911125360702833,publish,208,215.536637,3,636c75737465725f32303236303932393132343835393232393739385f726166745f6c6f675f67726f7774685f313030,15429,24,188,211,187,211,12860,0,265408
20260929124859229798,49652a19cbd11fe68f79c602df3522a42dfaceba,100,256,8,273.841764,934.8464465778128,809.5465,1357.6254499999998,5427.9384400000245,0.046309724,0.16911125360702833,publish,216,224.636857,1,636c75737465725f32303236303932393132343835393232393739385f726166745f6c6f675f67726f7774685f313030,20501,32,188,219,187,219,18004,0,265408
20260929124859229798,49652a19cbd11fe68f79c602df3522a42dfaceba,100,256,8,273.841764,934.8464465778128,809.5465,1357.6254499999998,5427.9384400000245,0.046309724,0.16911125360702833,publish,216,224.636857,2,636c75737465725f32303236303932393132343835393232393739385f726166745f6c6f675f67726f7774685f313030,20501,32,188,219,187,219,18004,0,265408
20260929124859229798,49652a19cbd11fe68f79c602df3522a42dfaceba,100,256,8,273.841764,934.8464465778128,809.5465,1357.6254499999998,5427.9384400000245,0.046309724,0.16911125360702833,publish,216,224.636857,3,636c75737465725f32303236303932393132343835393232393739385f726166745f6c6f675f67726f7774685f313030,20501,32,188,219,187,219,18004,0,265408
20260929124859229798,49652a19cbd11fe68f79c602df3522a42dfaceba,100,256,8,273.841764,934.8464465778128,809.5465,1357.6254499999998,5427.9384400000245,0.046309724,0.16911125360702833,publish,224,232.459831,1,636c75737465725f32303236303932393132343835393232393739385f726166745f6c6f675f67726f7774685f313030,5285,8,220,227,219,227,2572,0,310080
20260929124859229798,49652a19cbd11fe68f79c602df3522a42dfaceba,100,256,8,273.841764,934.8464465778128,809.5465,1357.6254499999998,5427.9384400000245,0.046309724,0.16911125360702833,publish,224,232.459831,2,636c75737465725f32303236303932393132343835393232393739385f726166745f6c6f675f67726f7774685f313030,4651,7,220,226,219,226,1929,0,310080
20260929124859229798,49652a19cbd11fe68f79c602df3522a42dfaceba,100,256,8,273.841764,934.8464465778128,809.5465,1357.6254499999998,5427.9384400000245,0.046309724,0.16911125360702833,publish,224,232.459831,3,636c75737465725f32303236303932393132343835393232393739385f726166745f6c6f675f67726f7774685f313030,5285,8,220,227,219,227,2572,0,310080
20260929124859229798,49652a19cbd11fe68f79c602df3522a42dfaceba,100,256,8,273.841764,934.8464465778128,809.5465,1357.6254499999998,5427.9384400000245,0.046309724,0.16911125360702833,publish,232,238.591828,1,636c75737465725f32303236303932393132343835393232393739385f726166745f6c6f675f67726f7774685f313030,10357,16,220,235,219,235,7716,0,310080
20260929124859229798,49652a19cbd11fe68f79c602df3522a42dfaceba,100,256,8,273.841764,934.8464465778128,809.5465,1357.6254499999998,5427.9384400000245,0.046309724,0.16911125360702833,publish,232,238.591828,2,636c75737465725f32303236303932393132343835393232393739385f726166745f6c6f675f67726f7774685f313030,10357,16,220,235,219,235,7716,0,310080
20260929124859229798,49652a19cbd11fe68f79c602df3522a42dfaceba,100,256,8,273.841764,934.8464465778128,809.5465,1357.6254499999998,5427.9384400000245,0.046309724,0.16911125360702833,publish,232,238.591828,3,636c75737465725f32303236303932393132343835393232393739385f726166745f6c6f675f67726f7774685f313030,10357,16,220,235,219,235,7716,0,310080
20260929124859229798,49652a19cbd11fe68f79c602df3522a42dfaceba,100,256,8,273.841764,934.8464465778128,809.5465,1357.6254499999998,5427.9384400000245,0.046309724,0.16911125360702833,publish,240,253.950548,1,636c75737465725f32303236303932393132343835393232393739385f726166745f6c6f675f67726f7774685f313030,15429,24,220,243,219,243,12860,0,310080
20260929124859229798,49652a19cbd11fe68f79c602df3522a42dfaceba,100,256,8,273.841764,934.8464465778128,809.5465,1357.6254499999998,5427.9384400000245,0.046309724,0.16911125360702833,publish,240,253.950548,2,636c75737465725f32303236303932393132343835393232393739385f726166745f6c6f675f67726f7774685f313030,15429,24,220,243,219,243,12860,0,310080
20260929124859229798,49652a19cbd11fe68f79c602df3522a42dfaceba,100,256,8,273.841764,934.8464465778128,809.5465,1357.6254499999998,5427.9384400000245,0.046309724,0.16911125360702833,publish,240,253.950548,3,636c75737465725f32303236303932393132343835393232393739385f726166745f6c6f675f67726f7774685f313030,15429,24,220,243,219,243,12860,0,310080
20260929124859229798,49652a19cbd11fe68f79c602df3522a42dfaceba,100,256,8,273.841764,934.8464465778128,809.5465,1357.6254499999998,5427.9384400000245,0.046309724,0.16911125360702833,publish,248,264.134606,1,636c75737465725f32303236303932393132343835393232393739385f726166745f6c6f675f67726f7774685f313030,20501,32,220,251,219,251,18004,0,310080
20260929124859229798,49652a19cbd11fe68f79c602df3522a42dfaceba,100,256,8,273.841764,934.8464465778128,809.5465,1357.6254499999998,5427.9384400000245,0.046309724,0.16911125360702833,publish,248,264.134606,2,636c75737465725f32303236303932393132343835393232393739385f726166745f6c6f675f67726f7774685f313030,20501,32,220,251,219,251,18004,0,310080
20260929124859229798,49652a19cbd11fe68f79c602df3522a42dfaceba,100,256,8,273.841764,934.8464465778128,809.5465,1357.6254499999998,5427.9384400000245,0.046309724,0.16911125360702833,publish,248,264.134606,3,636c75737465725f32303236303932393132343835393232393739385f726166745f6c6f675f67726f7774685f313030,20501,32,220,251,219,251,18004,0,310080
20260929124859229798,49652a19cbd11fe68f79c602df3522a42dfaceba,100,256,8,273.841764,934.8464465778128,809.5465,1357.6254499999998,5427.9384400000245,0.046309724,0.16911125360702833,publish,256,273.770003,1,636c75737465725f32303236303932393132343835393232393739385f726166745f6c6f675f67726f7774685f313030,5285,8,252,259,251,259,2572,0,354752
20260929124859229798,49652a19cbd11fe68f79c602df3522a42dfaceba,100,256,8,273.841764,934.8464465778128,809.5465,1357.6254499999998,5427.9384400000245,0.046309724,0.16911125360702833,publish,256,273.770003,2,636c75737465725f32303236303932393132343835393232393739385f726166745f6c6f675f67726f7774685f313030,5285,8,252,259,251,259,2572,0,354752
20260929124859229798,49652a19cbd11fe68f79c602df3522a42dfaceba,100,256,8,273.841764,934.8464465778128,809.5465,1357.6254499999998,5427.9384400000245,0.046309724,0.16911125360702833,publish,256,273.770003,3,636c75737465725f32303236303932393132343835393232393739385f726166745f6c6f675f67726f7774685f313030,5285,8,252,259,251,259,2572,0,354752
20260929124859229798,49652a19cbd11fe68f79c602df3522a42dfaceba,100,256,8,273.841764,934.8464465778128,809.5465,1357.6254499999998,5427.9384400000245,0.046309724,0.16911125360702833,snapshot_purge_complete,256,,1,636c75737465725f32303236303932393132343835393232393739385f726166745f6c6f675f67726f7774685f313030,5285,8,252,259,251,259,2572,0,354752
20260929124859229798,49652a19cbd11fe68f79c602df3522a42dfaceba,100,256,8,273.841764,934.8464465778128,809.5465,1357.6254499999998,5427.9384400000245,0.046309724,0.16911125360702833,snapshot_purge_complete,256,,2,636c75737465725f32303236303932393132343835393232393739385f726166745f6c6f675f67726f7774685f313030,5285,8,252,259,251,259,2572,0,354752
20260929124859229798,49652a19cbd11fe68f79c602df3522a42dfaceba,100,256,8,273.841764,934.8464465778128,809.5465,1357.6254499999998,5427.9384400000245,0.046309724,0.16911125360702833,snapshot_purge_complete,256,,3,636c75737465725f32303236303932393132343835393232393739385f726166745f6c6f675f67726f7774685f313030,5285,8,252,259,251,259,2572,0,354752
20260929124859229798,49652a19cbd11fe68f79c602df3522a42dfaceba,100,256,8,273.841764,934.8464465778128,809.5465,1357.6254499999998,5427.9384400000245,0.046309724,0.16911125360702833,final,256,273.841764,1,636c75737465725f32303236303932393132343835393232393739385f726166745f6c6f675f67726f7774685f313030,5285,8,252,259,251,259,2572,0,354752
20260929124859229798,49652a19cbd11fe68f79c602df3522a42dfaceba,100,256,8,273.841764,934.8464465778128,809.5465,1357.6254499999998,5427.9384400000245,0.046309724,0.16911125360702833,final,256,273.841764,2,636c75737465725f32303236303932393132343835393232393739385f726166745f6c6f675f67726f7774685f313030,5285,8,252,259,251,259,2572,0,354752
20260929124859229798,49652a19cbd11fe68f79c602df3522a42dfaceba,100,256,8,273.841764,934.8464465778128,809.5465,1357.6254499999998,5427.9384400000245,0.046309724,0.16911125360702833,final,256,273.841764,3,636c75737465725f32303236303932393132343835393232393739385f726166745f6c6f675f67726f7774685f313030,5285,8,252,259,251,259,2572,0,354752
20260929124932218934,49652a19cbd11fe68f79c602df3522a42dfaceba,1024,256,8,730.163447,350.6064307270095,1689.668,3362.123349999996,11875.524165000044,0.235917948,0.3231029284871884,initial,0,0,1,636c75737465725f32303236303932393132343933323231383933345f726166745f6c6f675f67726f7774685f31303234,5102,4,0,3,,3,4979,0,0
20260929124932218934,49652a19cbd11fe68f79c602df3522a42dfaceba,1024,256,8,730.163447,350.6064307270095,1689.668,3362.123349999996,11875.524165000044,0.235917948,0.3231029284871884,initial,0,0,2,636c75737465725f32303236303932393132343933323231383933345f726166745f6c6f675f67726f7774685f31303234,5102,4,0,3,,3,4979,0,0
20260929124932218934,49652a19cbd11fe68f79c602df3522a42dfaceba,1024,256,8,730.163447,350.6064307270095,1689.668,3362.123349999996,11875.524165000044,0.235917948,0.3231029284871884,initial,0,0,3,636c75737465725f32303236303932393132343933323231383933345f726166745f6c6f675f67726f7774685f31303234,5102,4,0,3,,3,4979,0,0
20260929124932218934,49652a19cbd11fe68f79c602df3522a42dfaceba,1024,256,8,730.163447,350.6064307270095,1689.668,3362.123349999996,11875.524165000044,0.235917948,0.3231029284871884,publish,8,12.09187,1,636c75737465725f32303236303932393132343933323231383933345f726166745f6c6f675f67726f7774685f31303234,39723,12,0,11,,11,39685,0,0
20260929124932218934,49652a19cbd11fe68f79c602df3522a42dfaceba,1024,256,8,730.163447,350.6064307270095,1689.668,3362.123349999996,11875.524165000044,0.235917948,0.3231029284871884,publish,8,12.09187,2,636c75737465725f32303236303932393132343933323231383933345f726166745f6c6f675f67726f7774685f31303234,39723,12,0,11,,11,39685,0,0
20260929124932218934,49652a19cbd11fe68f79c602df3522a42dfaceba,1024,256,8,730.163447,350.6064307270095,1689.668,3362.123349999996,11875.524165000044,0.235917948,0.3231029284871884,publish,8,12.09187,3,636c75737465725f32303236303932393132343933323231383933345f726166745f6c6f675f67726f7774685f31303234,39723,12,0,11,,11,39685,0,0
20260929124932218934,49652a19cbd11fe68f79c602df3522a42dfaceba,1024,256,8,730.163447,350.6064307270095,1689.668,3362.123349999996,11875.524165000044,0.235917948,0.3231029284871884,publish,16,27.092604,1,636c75737465725f32303236303932393132343933323231383933345f726166745f6c6f675f67726f7774685f31303234,74355,20,0,19,,19,74397,0,0
20260929124932218934,49652a19cbd11fe68f79c602df3522a42dfaceba,1024,256,8,730.163447,350.6064307270095,1689.668,3362.123349999996,11875.524165000044,0.235917948,0.3231029284871884,publish,16,27.092604,2,636c75737465725f32303236303932393132343933323231383933345f726166745f6c6f675f67726f7774685f31303234,74355,20,0,19,,19,74397,0,0
20260929124932218934,49652a19cbd11fe68f79c602df3522a42dfaceba,1024,256,8,730.163447,350.6064307270095,1689.668,3362.123349999996,11875.524165000044,0.235917948,0.3231029284871884,publish,16,27.092604,3,636c75737465725f32303236303932393132343933323231383933345f726166745f6c6f675f67726f7774685f31303234,74355,20,0,19,,19,74397,0,0
20260929124932218934,49652a19cbd11fe68f79c602df3522a42dfaceba,1024,256,8,730.163447,350.6064307270095,1689.668,3362.123349999996,11875.524165000044,0.235917948,0.3231029284871884,publish,24,51.237072,1,636c75737465725f32303236303932393132343933323231383933345f726166745f6c6f675f67726f7774685f31303234,108987,28,0,27,,27,109109,0,0
20260929124932218934,49652a19cbd11fe68f79c602df3522a42dfaceba,1024,256,8,730.163447,350.6064307270095,1689.668,3362.123349999996,11875.524165000044,0.235917948,0.3231029284871884,publish,24,51.237072,2,636c75737465725f32303236303932393132343933323231383933345f726166745f6c6f675f67726f7774685f31303234,108987,28,0,27,,27,109109,0,0
20260929124932218934,49652a19cbd11fe68f79c602df3522a42dfaceba,1024,256,8,730.163447,350.6064307270095,1689.668,3362.123349999996,11875.524165000044,0.235917948,0.3231029284871884,publish,24,51.237072,3,636c75737465725f32303236303932393132343933323231383933345f726166745f6c6f675f67726f7774685f31303234,108987,28,0,27,,27,109109,0,0
20260929124932218934,49652a19cbd11fe68f79c602df3522a42dfaceba,1024,256,8,730.163447,350.6064307270095,1689.668,3362.123349999996,11875.524165000044,0.235917948,0.3231029284871884,publish,32,69.579851,1,636c75737465725f32303236303932393132343933323231383933345f726166745f6c6f675f67726f7774685f31303234,34843,8,28,35,27,35,17356,0,363608
20260929124932218934,49652a19cbd11fe68f79c602df3522a42dfaceba,1024,256,8,730.163447,350.6064307270095,1689.668,3362.123349999996,11875.524165000044,0.235917948,0.3231029284871884,publish,32,69.579851,2,636c75737465725f32303236303932393132343933323231383933345f726166745f6c6f675f67726f7774685f31303234,34843,8,28,35,27,35,17356,0,363608
20260929124932218934,49652a19cbd11fe68f79c602df3522a42dfaceba,1024,256,8,730.163447,350.6064307270095,1689.668,3362.123349999996,11875.524165000044,0.235917948,0.3231029284871884,publish,32,69.579851,3,636c75737465725f32303236303932393132343933323231383933345f726166745f6c6f675f67726f7774685f31303234,34843,8,28,35,27,35,17356,0,363608
20260929124932218934,49652a19cbd11fe68f79c602df3522a42dfaceba,1024,256,8,730.163447,350.6064307270095,1689.668,3362.123349999996,11875.524165000044,0.235917948,0.3231029284871884,publish,40,88.158929,1,636c75737465725f32303236303932393132343933323231383933345f726166745f6c6f675f67726f7774685f31303234,69475,16,28,43,27,43,52068,0,363608
20260929124932218934,49652a19cbd11fe68f79c602df3522a42dfaceba,1024,256,8,730.163447,350.6064307270095,1689.668,3362.123349999996,11875.524165000044,0.235917948,0.3231029284871884,publish,40,88.158929,2,636c75737465725f32303236303932393132343933323231383933345f726166745f6c6f675f67726f7774685f31303234,69475,16,28,43,27,43,52068,0,363608
20260929124932218934,49652a19cbd11fe68f79c602df3522a42dfaceba,1024,256,8,730.163447,350.6064307270095,1689.668,3362.123349999996,11875.524165000044,0.235917948,0.3231029284871884,publish,40,88.158929,3,636c75737465725f32303236303932393132343933323231383933345f726166745f6c6f675f67726f7774685f31303234,69475,16,28,43,27,43,52068,0,363608
20260929124932218934,49652a19cbd11fe68f79c602df3522a42dfaceba,1024,256,8,730.163447,350.6064307270095,1689.668,3362.123349999996,11875.524165000044,0.235917948,0.3231029284871884,publish,48,110.497849,1,636c75737465725f32303236303932393132343933323231383933345f726166745f6c6f675f67726f7774685f31303234,104107,24,28,51,27,51,86780,0,363608
20260929124932218934,49652a19cbd11fe68f79c602df3522a42dfaceba,1024,256,8,730.163447,350.6064307270095,1689.668,3362.123349999996,11875.524165000044,0.235917948,0.3231029284871884,publish,48,110.497849,2,636c75737465725f32303236303932393132343933323231383933345f726166745f6c6f675f67726f7774685f31303234,104107,24,28,51,27,51,86780,0,363608
20260929124932218934,49652a19cbd11fe68f79c602df3522a42dfaceba,1024,256,8,730.163447,350.6064307270095,1689.668,3362.123349999996,11875.524165000044,0.235917948,0.3231029284871884,publish,48,110.497849,3,636c75737465725f32303236303932393132343933323231383933345f726166745f6c6f675f67726f7774685f31303234,104107,24,28,51,27,51,86780,0,363608
20260929124932218934,49652a19cbd11fe68f79c602df3522a42dfaceba,1024,256,8,730.163447,350.6064307270095,1689.668,3362.123349999996,11875.524165000044,0.235917948,0.3231029284871884,publish,56,136.882214,1,636c75737465725f32303236303932393132343933323231383933345f726166745f6c6f675f67726f7774685f31303234,138739,32,28,59,27,59,121492,0,363608
20260929124932218934,49652a19cbd11fe68f79c602df3522a42dfaceba,1024,256,8,730.163447,350.6064307270095,1689.668,3362.123349999996,11875.524165000044,0.235917948,0.3231029284871884,publish,56,136.882214,2,636c75737465725f32303236303932393132343933323231383933345f726166745f6c6f675f67726f7774685f31303234,138739,32,28,59,27,59,121492,0,363608
20260929124932218934,49652a19cbd11fe68f79c602df3522a42dfaceba,1024,256,8,730.163447,350.6064307270095,1689.668,3362.123349999996,11875.524165000044,0.235917948,0.3231029284871884,publish,56,136.882214,3,636c75737465725f32303236303932393132343933323231383933345f726166745f6c6f675f67726f7774685f31303234,138739,32,28,59,27,59,121492,0,363608
20260929124932218934,49652a19cbd11fe68f79c602df3522a42dfaceba,1024,256,8,730.163447,350.6064307270095,1689.668,3362.123349999996,11875.524165000044,0.235917948,0.3231029284871884,publish,64,158.168329,1,636c75737465725f32303236303932393132343933323231383933345f726166745f6c6f675f67726f7774685f31303234,34843,8,60,67,59,67,17356,0,763096
20260929124932218934,49652a19cbd11fe68f79c602df3522a42dfaceba,1024,256,8,730.163447,350.6064307270095,1689.668,3362.123349999996,11875.524165000044,0.235917948,0.3231029284871884,publish,64,158.168329,2,636c75737465725f32303236303932393132343933323231383933345f726166745f6c6f675f67726f7774685f31303234,34843,8,60,67,59,67,17356,0,763096
20260929124932218934,49652a19cbd11fe68f79c602df3522a42dfaceba,1024,256,8,730.163447,350.6064307270095,1689.668,3362.123349999996,11875.524165000044,0.235917948,0.3231029284871884,publish,64,158.168329,3,636c75737465725f32303236303932393132343933323231383933345f726166745f6c6f675f67726f7774685f31303234,34843,8,60,67,59,67,17356,0,763096
20260929124932218934,49652a19cbd11fe68f79c602df3522a42dfaceba,1024,256,8,730.163447,350.6064307270095,1689.668,3362.123349999996,11875.524165000044,0.235917948,0.3231029284871884,publish,72,174.146984,1,636c75737465725f32303236303932393132343933323231383933345f726166745f6c6f675f67726f7774685f31303234,69475,16,60,75,59,75,52068,0,763096
20260929124932218934,49652a19cbd11fe68f79c602df3522a42dfaceba,1024,256,8,730.163447,350.6064307270095,1689.668,3362.123349999996,11875.524165000044,0.235917948,0.3231029284871884,publish,72,174.146984,2,636c75737465725f32303236303932393132343933323231383933345f726166745f6c6f675f67726f7774685f31303234,69475,16,60,75,59,75,52068,0,763096
20260929124932218934,49652a19cbd11fe68f79c602df3522a42dfaceba,1024,256,8,730.163447,350.6064307270095,1689.668,3362.123349999996,11875.524165000044,0.235917948,0.3231029284871884,publish,72,174.146984,3,636c75737465725f32303236303932393132343933323231383933345f726166745f6c6f675f67726f7774685f31303234,69475,16,60,75,59,75,52068,0,763096
20260929124932218934,49652a19cbd11fe68f79c602df3522a42dfaceba,1024,256,8,730.163447,350.6064307270095,1689.668,3362.123349999996,11875.524165000044,0.235917948,0.3231029284871884,publish,80,197.465641,1,636c75737465725f32303236303932393132343933323231383933345f726166745f6c6f675f67726f7774685f31303234,104107,24,60,83,59,83,86780,0,763096
20260929124932218934,49652a19cbd11fe68f79c602df3522a42dfaceba,1024,256,8,730.163447,350.6064307270095,1689.668,3362.123349999996,11875.524165000044,0.235917948,0.3231029284871884,publish,80,197.465641,2,636c75737465725f32303236303932393132343933323231383933345f726166745f6c6f675f67726f7774685f31303234,104107,24,60,83,59,83,86780,0,763096
20260929124932218934,49652a19cbd11fe68f79c602df3522a42dfaceba,1024,256,8,730.163447,350.6064307270095,1689.668,3362.123349999996,11875.524165000044,0.235917948,0.3231029284871884,publish,80,197.465641,3,636c75737465725f32303236303932393132343933323231383933345f726166745f6c6f675f67726f7774685f31303234,104107,24,60,83,59,83,86780,0,763096
20260929124932218934,49652a19cbd11fe68f79c602df3522a42dfaceba,1024,256,8,730.163447,350.6064307270095,1689.668,3362.123349999996,11875.524165000044,0.235917948,0.3231029284871884,publish,88,223.568089,1,636c75737465725f32303236303932393132343933323231383933345f726166745f6c6f675f67726f7774685f31303234,138739,32,60,91,59,91,121492,0,763096
20260929124932218934,49652a19cbd11fe68f79c602df3522a42dfaceba,1024,256,8,730.163447,350.6064307270095,1689.668,3362.123349999996,11875.524165000044,0.235917948,0.3231029284871884,publish,88,223.568089,2,636c75737465725f32303236303932393132343933323231383933345f726166745f6c6f675f67726f7774685f31303234,138739,32,60,91,59,91,121492,0,763096
20260929124932218934,49652a19cbd11fe68f79c602df3522a42dfaceba,1024,256,8,730.163447,350.6064307270095,1689.668,3362.123349999996,11875.524165000044,0.235917948,0.3231029284871884,publish,88,223.568089,3,636c75737465725f32303236303932393132343933323231383933345f726166745f6c6f675f67726f7774685f31303234,138739,32,60,91,59,91,121492,0,763096
20260929124932218934,49652a19cbd11fe68f79c602df3522a42dfaceba,1024,256,8,730.163447,350.6064307270095,1689.668,3362.123349999996,11875.524165000044,0.235917948,0.3231029284871884,publish,96,250.377264,1,636c75737465725f32303236303932393132343933323231383933345f726166745f6c6f675f67726f7774685f31303234,34843,8,92,99,91,99,17356,0,1162584
20260929124932218934,49652a19cbd11fe68f79c602df3522a42dfaceba,1024,256,8,730.163447,350.6064307270095,1689.668,3362.123349999996,11875.524165000044,0.235917948,0.3231029284871884,publish,96,250.377264,2,636c75737465725f32303236303932393132343933323231383933345f726166745f6c6f675f67726f7774685f31303234,34843,8,92,99,91,99,17356,0,1162584
20260929124932218934,49652a19cbd11fe68f79c602df3522a42dfaceba,1024,256,8,730.163447,350.6064307270095,1689.668,3362.123349999996,11875.524165000044,0.235917948,0.3231029284871884,publish,96,250.377264,3,636c75737465725f32303236303932393132343933323231383933345f726166745f6c6f675f67726f7774685f31303234,34843,8,92,99,91,99,17356,0,1162584
20260929124932218934,49652a19cbd11fe68f79c602df3522a42dfaceba,1024,256,8,730.163447,350.6064307270095,1689.668,3362.123349999996,11875.524165000044,0.235917948,0.3231029284871884,publish,104,268.019135,1,636c75737465725f32303236303932393132343933323231383933345f726166745f6c6f675f67726f7774685f31303234,69492,16,92,107,91,107,52076,0,1162584
20260929124932218934,49652a19cbd11fe68f79c602df3522a42dfaceba,1024,256,8,730.163447,350.6064307270095,1689.668,3362.123349999996,11875.524165000044,0.235917948,0.3231029284871884,publish,104,268.019135,2,636c75737465725f32303236303932393132343933323231383933345f726166745f6c6f675f67726f7774685f31303234,69492,16,92,107,91,107,52076,0,1162584
20260929124932218934,49652a19cbd11fe68f79c602df3522a42dfaceba,1024,256,8,730.163447,350.6064307270095,1689.668,3362.123349999996,11875.524165000044,0.235917948,0.3231029284871884,publish,104,268.019135,3,636c75737465725f32303236303932393132343933323231383933345f726166745f6c6f675f67726f7774685f31303234,69492,16,92,107,91,107,52076,0,1162584
20260929124932218934,49652a19cbd11fe68f79c602df3522a42dfaceba,1024,256,8,730.163447,350.6064307270095,1689.668,3362.123349999996,11875.524165000044,0.235917948,0.3231029284871884,publish,112,290.682324,1,636c75737465725f32303236303932393132343933323231383933345f726166745f6c6f675f67726f7774685f31303234,104140,24,92,115,91,115,86796,0,1162584
20260929124932218934,49652a19cbd11fe68f79c602df3522a42dfaceba,1024,256,8,730.163447,350.6064307270095,1689.668,3362.123349999996,11875.524165000044,0.235917948,0.3231029284871884,publish,112,290.682324,2,636c75737465725f32303236303932393132343933323231383933345f726166745f6c6f675f67726f7774685f31303234,104140,24,92,115,91,115,86796,0,1162584
20260929124932218934,49652a19cbd11fe68f79c602df3522a42dfaceba,1024,256,8,730.163447,350.6064307270095,1689.668,3362.123349999996,11875.524165000044,0.235917948,0.3231029284871884,publish,112,290.682324,3,636c75737465725f32303236303932393132343933323231383933345f726166745f6c6f675f67726f7774685f31303234,104140,24,92,115,91,115,86796,0,1162584
20260929124932218934,49652a19cbd11fe68f79c602df3522a42dfaceba,1024,256,8,730.163447,350.6064307270095,1689.668,3362.123349999996,11875.524165000044,0.235917948,0.3231029284871884,publish,120,312.9378,1,636c75737465725f32303236303932393132343933323231383933345f726166745f6c6f675f67726f7774685f31303234,138788,32,92,123,91,123,121516,0,1162584
20260929124932218934,49652a19cbd11fe68f79c602df3522a42dfaceba,1024,256,8,730.163447,350.6064307270095,1689.668,3362.123349999996,11875.524165000044,0.235917948,0.3231029284871884,publish,120,312.9378,2,636c75737465725f32303236303932393132343933323231383933345f726166745f6c6f675f67726f7774685f31303234,138788,32,92,123,91,123,121516,0,1162584
20260929124932218934,49652a19cbd11fe68f79c602df3522a42dfaceba,1024,256,8,730.163447,350.6064307270095,1689.668,3362.123349999996,11875.524165000044,0.235917948,0.3231029284871884,publish,120,312.9378,3,636c75737465725f32303236303932393132343933323231383933345f726166745f6c6f675f67726f7774685f31303234,138788,32,92,123,91,123,121516,0,1162584
20260929124932218934,49652a19cbd11fe68f79c602df3522a42dfaceba,1024,256,8,730.163447,350.6064307270095,1689.668,3362.123349999996,11875.524165000044,0.235917948,0.3231029284871884,publish,128,334.593482,1,636c75737465725f32303236303932393132343933323231383933345f726166745f6c6f675f67726f7774685f31303234,34861,8,124,131,123,131,17360,0,1562073
20260929124932218934,49652a19cbd11fe68f79c602df3522a42dfaceba,1024,256,8,730.163447,350.6064307270095,1689.668,3362.123349999996,11875.524165000044,0.235917948,0.3231029284871884,publish,128,334.593482,2,636c75737465725f32303236303932393132343933323231383933345f726166745f6c6f675f67726f7774685f31303234,34861,8,124,131,123,131,17360,0,1562073
20260929124932218934,49652a19cbd11fe68f79c602df3522a42dfaceba,1024,256,8,730.163447,350.6064307270095,1689.668,3362.123349999996,11875.524165000044,0.235917948,0.3231029284871884,publish,128,334.593482,3,636c75737465725f32303236303932393132343933323231383933345f726166745f6c6f675f67726f7774685f31303234,173436,40,92,131,91,131,17360,0,1562073
20260929124932218934,49652a19cbd11fe68f79c602df3522a42dfaceba,1024,256,8,730.163447,350.6064307270095,1689.668,3362.123349999996,11875.524165000044,0.235917948,0.3231029284871884,publish,136,349.649134,1,636c75737465725f32303236303932393132343933323231383933345f726166745f6c6f675f67726f7774685f31303234,69509,16,124,139,123,139,52080,0,1562073
20260929124932218934,49652a19cbd11fe68f79c602df3522a42dfaceba,1024,256,8,730.163447,350.6064307270095,1689.668,3362.123349999996,11875.524165000044,0.235917948,0.3231029284871884,publish,136,349.649134,2,636c75737465725f32303236303932393132343933323231383933345f726166745f6c6f675f67726f7774685f31303234,69509,16,124,139,123,139,52080,0,1562073
20260929124932218934,49652a19cbd11fe68f79c602df3522a42dfaceba,1024,256,8,730.163447,350.6064307270095,1689.668,3362.123349999996,11875.524165000044,0.235917948,0.3231029284871884,publish,136,349.649134,3,636c75737465725f32303236303932393132343933323231383933345f726166745f6c6f675f67726f7774685f31303234,69509,16,124,139,123,139,52080,0,1562073
20260929124932218934,49652a19cbd11fe68f79c602df3522a42dfaceba,1024,256,8,730.163447,350.6064307270095,1689.668,3362.123349999996,11875.524165000044,0.235917948,0.3231029284871884,publish,144,372.354875,1,636c75737465725f32303236303932393132343933323231383933345f726166745f6c6f675f67726f7774685f31303234,104157,24,124,147,123,147,86800,0,1562073
20260929124932218934,49652a19cbd11fe68f79c602df3522a42dfaceba,1024,256,8,730.163447,350.6064307270095,1689.668,3362.123349999996,11875.524165000044,0.235917948,0.3231029284871884,publish,144,372.354875,2,636c75737465725f32303236303932393132343933323231383933345f726166745f6c6f675f67726f7774685f31303234,104157,24,124,147,123,147,86800,0,1562073
20260929124932218934,49652a19cbd11fe68f79c602df3522a42dfaceba,1024,256,8,730.163447,350.6064307270095,1689.668,3362.123349999996,11875.524165000044,0.235917948,0.3231029284871884,publish,144,372.354875,3,636c75737465725f32303236303932393132343933323231383933345f726166745f6c6f675f67726f7774685f31303234,104157,24,124,147,123,147,86800,0,1562073
20260929124932218934,49652a19cbd11fe68f79c602df3522a42dfaceba,1024,256,8,730.163447,350.6064307270095,1689.668,3362.123349999996,11875.524165000044,0.235917948,0.3231029284871884,publish,152,395.691839,1,636c75737465725f32303236303932393132343933323231383933345f726166745f6c6f675f67726f7774685f31303234,138805,32,124,155,123,155,121520,0,1562073
20260929124932218934,49652a19cbd11fe68f79c602df3522a42dfaceba,1024,256,8,730.163447,350.6064307270095,1689.668,3362.123349999996,11875.524165000044,0.235917948,0.3231029284871884,publish,152,395.691839,2,636c75737465725f32303236303932393132343933323231383933345f726166745f6c6f675f67726f7774685f31303234,138805,32,124,155,123,155,121520,0,1562073
20260929124932218934,49652a19cbd11fe68f79c602df3522a42dfaceba,1024,256,8,730.163447,350.6064307270095,1689.668,3362.123349999996,11875.524165000044,0.235917948,0.3231029284871884,publish,152,395.691839,3,636c75737465725f32303236303932393132343933323231383933345f726166745f6c6f675f67726f7774685f31303234,138805,32,124,155,123,155,121520,0,1562073
20260929124932218934,49652a19cbd11fe68f79c602df3522a42dfaceba,1024,256,8,730.163447,350.6064307270095,1689.668,3362.123349999996,11875.524165000044,0.235917948,0.3231029284871884,publish,160,423.154025,1,636c75737465725f32303236303932393132343933323231383933345f726166745f6c6f675f67726f7774685f31303234,173453,40,124,163,123,163,17360,0,1961561
20260929124932218934,49652a19cbd11fe68f79c602df3522a42dfaceba,1024,256,8,730.163447,350.6064307270095,1689.668,3362.123349999996,11875.524165000044,0.235917948,0.3231029284871884,publish,160,423.154025,2,636c75737465725f32303236303932393132343933323231383933345f726166745f6c6f675f67726f7774685f31303234,173453,40,124,163,123,163,17360,0,1961561
20260929124932218934,49652a19cbd11fe68f79c602df3522a42dfaceba,1024,256,8,730.163447,350.6064307270095,1689.668,3362.123349999996,11875.524165000044,0.235917948,0.3231029284871884,publish,160,423.154025,3,636c75737465725f32303236303932393132343933323231383933345f726166745f6c6f675f67726f7774685f31303234,34861,8,156,163,155,163,17360,0,1961561
20260929124932218934,49652a19cbd11fe68f79c602df3522a42dfaceba,1024,256,8,730.163447,350.6064307270095,1689.668,3362.123349999996,11875.524165000044,0.235917948,0.3231029284871884,publish,168,442.998227,1,636c75737465725f32303236303932393132343933323231383933345f726166745f6c6f675f67726f7774685f31303234,69509,16,156,171,155,171,52080,0,1961561
20260929124932218934,49652a19cbd11fe68f79c602df3522a42dfaceba,1024,256,8,730.163447,350.6064307270095,1689.668,3362.123349999996,11875.524165000044,0.235917948,0.3231029284871884,publish,168,442.998227,2,636c75737465725f32303236303932393132343933323231383933345f726166745f6c6f675f67726f7774685f31303234,69509,16,156,171,155,171,52080,0,1961561
20260929124932218934,49652a19cbd11fe68f79c602df3522a42dfaceba,1024,256,8,730.163447,350.6064307270095,1689.668,3362.123349999996,11875.524165000044,0.235917948,0.3231029284871884,publish,168,442.998227,3,636c75737465725f32303236303932393132343933323231383933345f726166745f6c6f675f67726f7774685f31303234,69509,16,156,171,155,171,52080,0,1961561
20260929124932218934,49652a19cbd11fe68f79c602df3522a42dfaceba,1024,256,8,730.163447,350.6064307270095,1689.668,3362.123349999996,11875.524165000044,0.235917948,0.3231029284871884,publish,176,463.481869,1,636c75737465725f32303236303932393132343933323231383933345f726166745f6c6f675f67726f7774685f31303234,104157,24,156,179,155,179,86800,0,1961561
20260929124932218934,49652a19cbd11fe68f79c602df3522a42dfaceba,1024,256,8,730.163447,350.6064307270095,1689.668,3362.123349999996,11875.524165000044,0.235917948,0.3231029284871884,publish,176,463.481869,2,636c75737465725f32303236303932393132343933323231383933345f726166745f6c6f675f67726f7774685f31303234,104157,24,156,179,155,179,86800,0,1961561
20260929124932218934,49652a19cbd11fe68f79c602df3522a42dfaceba,1024,256,8,730.163447,350.6064307270095,1689.668,3362.123349999996,11875.524165000044,0.235917948,0.3231029284871884,publish,176,463.481869,3,636c75737465725f32303236303932393132343933323231383933345f726166745f6c6f675f67726f7774685f31303234,104157,24,156,179,155,179,86800,0,1961561
20260929124932218934,49652a19cbd11fe68f79c602df3522a42dfaceba,1024,256,8,730.163447,350.6064307270095,1689.668,3362.123349999996,11875.524165000044,0.235917948,0.3231029284871884,publish,184,490.97162,1,636c75737465725f32303236303932393132343933323231383933345f726166745f6c6f675f67726f7774685f31303234,138805,32,156,187,155,187,121520,0,1961561
20260929124932218934,49652a19cbd11fe68f79c602df3522a42dfaceba,1024,256,8,730.163447,350.6064307270095,1689.668,3362.123349999996,11875.524165000044,0.235917948,0.3231029284871884,publish,184,490.97162,2,636c75737465725f32303236303932393132343933323231383933345f726166745f6c6f675f67726f7774685f31303234,138805,32,156,187,155,187,121520,0,1961561
20260929124932218934,49652a19cbd11fe68f79c602df3522a42dfaceba,1024,256,8,730.163447,350.6064307270095,1689.668,3362.123349999996,11875.524165000044,0.235917948,0.3231029284871884,publish,184,490.97162,3,636c75737465725f32303236303932393132343933323231383933345f726166745f6c6f675f67726f7774685f31303234,138805,32,156,187,155,187,121520,0,1961561
20260929124932218934,49652a19cbd11fe68f79c602df3522a42dfaceba,1024,256,8,730.163447,350.6064307270095,1689.668,3362.123349999996,11875.524165000044,0.235917948,0.3231029284871884,publish,192,523.574056,1,636c75737465725f32303236303932393132343933323231383933345f726166745f6c6f675f67726f7774685f31303234,173453,40,156,195,155,195,156240,0,2361049
20260929124932218934,49652a19cbd11fe68f79c602df3522a42dfaceba,1024,256,8,730.163447,350.6064307270095,1689.668,3362.123349999996,11875.524165000044,0.235917948,0.3231029284871884,publish,192,523.574056,2,636c75737465725f32303236303932393132343933323231383933345f726166745f6c6f675f67726f7774685f31303234,34861,8,188,195,187,195,17360,0,2361049
20260929124932218934,49652a19cbd11fe68f79c602df3522a42dfaceba,1024,256,8,730.163447,350.6064307270095,1689.668,3362.123349999996,11875.524165000044,0.235917948,0.3231029284871884,publish,192,523.574056,3,636c75737465725f32303236303932393132343933323231383933345f726166745f6c6f675f67726f7774685f31303234,173453,40,156,195,155,195,17360,0,2361049
20260929124932218934,49652a19cbd11fe68f79c602df3522a42dfaceba,1024,256,8,730.163447,350.6064307270095,1689.668,3362.123349999996,11875.524165000044,0.235917948,0.3231029284871884,publish,200,541.021909,1,636c75737465725f32303236303932393132343933323231383933345f726166745f6c6f675f67726f7774685f31303234,69509,16,188,203,187,203,52080,0,2361049
20260929124932218934,49652a19cbd11fe68f79c602df3522a42dfaceba,1024,256,8,730.163447,350.6064307270095,1689.668,3362.123349999996,11875.524165000044,0.235917948,0.3231029284871884,publish,200,541.021909,2,636c75737465725f32303236303932393132343933323231383933345f726166745f6c6f675f67726f7774685f31303234,69509,16,188,203,187,203,52080,0,2361049
20260929124932218934,49652a19cbd11fe68f79c602df3522a42dfaceba,1024,256,8,730.163447,350.6064307270095,1689.668,3362.123349999996,11875.524165000044,0.235917948,0.3231029284871884,publish,200,541.021909,3,636c75737465725f32303236303932393132343933323231383933345f726166745f6c6f675f67726f7774685f31303234,69509,16,188,203,187,203,52080,0,2361049
20260929124932218934,49652a19cbd11fe68f79c602df3522a42dfaceba,1024,256,8,730.163447,350.6064307270095,1689.668,3362.123349999996,11875.524165000044,0.235917948,0.3231029284871884,publish,208,567.017111,1,636c75737465725f32303236303932393132343933323231383933345f726166745f6c6f675f67726f7774685f31303234,104157,24,188,211,187,211,86800,0,2361049
20260929124932218934,49652a19cbd11fe68f79c602df3522a42dfaceba,1024,256,8,730.163447,350.6064307270095,1689.668,3362.123349999996,11875.524165000044,0.235917948,0.3231029284871884,publish,208,567.017111,2,636c75737465725f32303236303932393132343933323231383933345f726166745f6c6f675f67726f7774685f31303234,104157,24,188,211,187,211,86800,0,2361049
20260929124932218934,49652a19cbd11fe68f79c602df3522a42dfaceba,1024,256,8,730.163447,350.6064307270095,1689.668,3362.123349999996,11875.524165000044,0.235917948,0.3231029284871884,publish,208,567.017111,3,636c75737465725f32303236303932393132343933323231383933345f726166745f6c6f675f67726f7774685f31303234,104157,24,188,211,187,211,86800,0,2361049
20260929124932218934,49652a19cbd11fe68f79c602df3522a42dfaceba,1024,256,8,730.163447,350.6064307270095,1689.668,3362.123349999996,11875.524165000044,0.235917948,0.3231029284871884,publish,216,604.083109,1,636c75737465725f32303236303932393132343933323231383933345f726166745f6c6f675f67726f7774685f31303234,138805,32,188,219,187,219,121520,0,2361049
20260929124932218934,49652a19cbd11fe68f79c602df3522a42dfaceba,1024,256,8,730.163447,350.6064307270095,1689.668,3362.123349999996,11875.524165000044,0.235917948,0.3231029284871884,publish,216,604.083109,2,636c75737465725f32303236303932393132343933323231383933345f726166745f6c6f675f67726f7774685f31303234,138805,32,188,219,187,219,121520,0,2361049
20260929124932218934,49652a19cbd11fe68f79c602df3522a42dfaceba,1024,256,8,730.163447,350.6064307270095,1689.668,3362.123349999996,11875.524165000044,0.235917948,0.3231029284871884,publish,216,604.083109,3,636c75737465725f32303236303932393132343933323231383933345f726166745f6c6f675f67726f7774685f31303234,138805,32,188,219,187,219,121520,0,2361049
20260929124932218934,49652a19cbd11fe68f79c602df3522a42dfaceba,1024,256,8,730.163447,350.6064307270095,1689.668,3362.123349999996,11875.524165000044,0.235917948,0.3231029284871884,publish,224,631.573039,1,636c75737465725f32303236303932393132343933323231383933345f726166745f6c6f675f67726f7774685f31303234,173453,40,188,227,187,227,17360,0,2760537
20260929124932218934,49652a19cbd11fe68f79c602df3522a42dfaceba,1024,256,8,730.163447,350.6064307270095,1689.668,3362.123349999996,11875.524165000044,0.235917948,0.3231029284871884,publish,224,631.573039,2,636c75737465725f32303236303932393132343933323231383933345f726166745f6c6f675f67726f7774685f31303234,34861,8,220,227,219,227,17360,0,2760537
20260929124932218934,49652a19cbd11fe68f79c602df3522a42dfaceba,1024,256,8,730.163447,350.6064307270095,1689.668,3362.123349999996,11875.524165000044,0.235917948,0.3231029284871884,publish,224,631.573039,3,636c75737465725f32303236303932393132343933323231383933345f726166745f6c6f675f67726f7774685f31303234,34861,8,220,227,219,227,17360,0,2760537
20260929124932218934,49652a19cbd11fe68f79c602df3522a42dfaceba,1024,256,8,730.163447,350.6064307270095,1689.668,3362.123349999996,11875.524165000044,0.235917948,0.3231029284871884,publish,232,648.601637,1,636c75737465725f32303236303932393132343933323231383933345f726166745f6c6f675f67726f7774685f31303234,69509,16,220,235,219,235,52080,0,2760537
20260929124932218934,49652a19cbd11fe68f79c602df3522a42dfaceba,1024,256,8,730.163447,350.6064307270095,1689.668,3362.123349999996,11875.524165000044,0.235917948,0.3231029284871884,publish,232,648.601637,2,636c75737465725f32303236303932393132343933323231383933345f726166745f6c6f675f67726f7774685f31303234,69509,16,220,235,219,235,52080,0,2760537
20260929124932218934,49652a19cbd11fe68f79c602df3522a42dfaceba,1024,256,8,730.163447,350.6064307270095,1689.668,3362.123349999996,11875.524165000044,0.235917948,0.3231029284871884,publish,232,648.601637,3,636c75737465725f32303236303932393132343933323231383933345f726166745f6c6f675f67726f7774685f31303234,69509,16,220,235,219,235,52080,0,2760537
20260929124932218934,49652a19cbd11fe68f79c602df3522a42dfaceba,1024,256,8,730.163447,350.6064307270095,1689.668,3362.123349999996,11875.524165000044,0.235917948,0.3231029284871884,publish,240,671.93156,1,636c75737465725f32303236303932393132343933323231383933345f726166745f6c6f675f67726f7774685f31303234,104157,24,220,243,219,243,86800,0,2760537
20260929124932218934,49652a19cbd11fe68f79c602df3522a42dfaceba,1024,256,8,730.163447,350.6064307270095,1689.668,3362.123349999996,11875.524165000044,0.235917948,0.3231029284871884,publish,240,671.93156,2,636c75737465725f32303236303932393132343933323231383933345f726166745f6c6f675f67726f7774685f31303234,104157,24,220,243,219,243,86800,0,2760537
20260929124932218934,49652a19cbd11fe68f79c602df3522a42dfaceba,1024,256,8,730.163447,350.6064307270095,1689.668,3362.123349999996,11875.524165000044,0.235917948,0.3231029284871884,publish,240,671.93156,3,636c75737465725f32303236303932393132343933323231383933345f726166745f6c6f675f67726f7774685f31303234,104157,24,220,243,219,243,86800,0,2760537
20260929124932218934,49652a19cbd11fe68f79c602df3522a42dfaceba,1024,256,8,730.163447,350.6064307270095,1689.668,3362.123349999996,11875.524165000044,0.235917948,0.3231029284871884,publish,248,701.413175,1,636c75737465725f32303236303932393132343933323231383933345f726166745f6c6f675f67726f7774685f31303234,138805,32,220,251,219,251,121520,0,2760537
20260929124932218934,49652a19cbd11fe68f79c602df3522a42dfaceba,1024,256,8,730.163447,350.6064307270095,1689.668,3362.123349999996,11875.524165000044,0.235917948,0.3231029284871884,publish,248,701.413175,2,636c75737465725f32303236303932393132343933323231383933345f726166745f6c6f675f67726f7774685f31303234,138805,32,220,251,219,251,121520,0,2760537
20260929124932218934,49652a19cbd11fe68f79c602df3522a42dfaceba,1024,256,8,730.163447,350.6064307270095,1689.668,3362.123349999996,11875.524165000044,0.235917948,0.3231029284871884,publish,248,701.413175,3,636c75737465725f32303236303932393132343933323231383933345f726166745f6c6f675f67726f7774685f31303234,138805,32,220,251,219,251,121520,0,2760537
20260929124932218934,49652a19cbd11fe68f79c602df3522a42dfaceba,1024,256,8,730.163447,350.6064307270095,1689.668,3362.123349999996,11875.524165000044,0.235917948,0.3231029284871884,publish,256,730.086586,1,636c75737465725f32303236303932393132343933323231383933345f726166745f6c6f675f67726f7774685f31303234,173453,40,220,259,219,259,17360,0,3160025
20260929124932218934,49652a19cbd11fe68f79c602df3522a42dfaceba,1024,256,8,730.163447,350.6064307270095,1689.668,3362.123349999996,11875.524165000044,0.235917948,0.3231029284871884,publish,256,730.086586,2,636c75737465725f32303236303932393132343933323231383933345f726166745f6c6f675f67726f7774685f31303234,173453,40,220,259,219,259,17360,0,3160025
20260929124932218934,49652a19cbd11fe68f79c602df3522a42dfaceba,1024,256,8,730.163447,350.6064307270095,1689.668,3362.123349999996,11875.524165000044,0.235917948,0.3231029284871884,publish,256,730.086586,3,636c75737465725f32303236303932393132343933323231383933345f726166745f6c6f675f67726f7774685f31303234,34861,8,252,259,251,259,17360,0,3160025
20260929124932218934,49652a19cbd11fe68f79c602df3522a42dfaceba,1024,256,8,730.163447,350.6064307270095,1689.668,3362.123349999996,11875.524165000044,0.235917948,0.3231029284871884,snapshot_purge_complete,256,,1,636c75737465725f32303236303932393132343933323231383933345f726166745f6c6f675f67726f7774685f31303234,34861,8,252,259,251,259,17360,0,3160025
20260929124932218934,49652a19cbd11fe68f79c602df3522a42dfaceba,1024,256,8,730.163447,350.6064307270095,1689.668,3362.123349999996,11875.524165000044,0.235917948,0.3231029284871884,snapshot_purge_complete,256,,2,636c75737465725f32303236303932393132343933323231383933345f726166745f6c6f675f67726f7774685f31303234,34861,8,252,259,251,259,17360,0,3160025
20260929124932218934,49652a19cbd11fe68f79c602df3522a42dfaceba,1024,256,8,730.163447,350.6064307270095,1689.668,3362.123349999996,11875.524165000044,0.235917948,0.3231029284871884,snapshot_purge_complete,256,,3,636c75737465725f32303236303932393132343933323231383933345f726166745f6c6f675f67726f7774685f31303234,34861,8,252,259,251,259,17360,0,3160025
20260929124932218934,49652a19cbd11fe68f79c602df3522a42dfaceba,1024,256,8,730.163447,350.6064307270095,1689.668,3362.123349999996,11875.524165000044,0.235917948,0.3231029284871884,final,256,730.163447,1,636c75737465725f32303236303932393132343933323231383933345f726166745f6c6f675f67726f7774685f31303234,34861,8,252,259,251,259,17360,0,3160025
20260929124932218934,49652a19cbd11fe68f79c602df3522a42dfaceba,1024,256,8,730.163447,350.6064307270095,1689.668,3362.123349999996,11875.524165000044,0.235917948,0.3231029284871884,final,256,730.163447,2,636c75737465725f32303236303932393132343933323231383933345f726166745f6c6f675f67726f7774685f31303234,34861,8,252,259,251,259,17360,0,3160025
20260929124932218934,49652a19cbd11fe68f79c602df3522a42dfaceba,1024,256,8,730.163447,350.6064307270095,1689.668,3362.123349999996,11875.524165000044,0.235917948,0.3231029284871884,final,256,730.163447,3,636c75737465725f32303236303932393132343933323231383933345f726166745f6c6f675f67726f7774685f31303234,34861,8,252,259,251,259,17360,0,3160025
