operation,retained_log_entries,payload_bytes,batch_entries,sample,serialized_file_bytes,elapsed_ns
append,0,100,1,0,667,16077114
save_committed,0,100,1,0,709,16393368
append,0,100,1,1,667,16534673
save_committed,0,100,1,1,709,16588087
append,0,100,1,2,667,16114350
save_committed,0,100,1,2,709,16241412
append,0,100,1,3,667,16385590
save_committed,0,100,1,3,709,16297293
append,0,100,1,4,667,16471636
save_committed,0,100,1,4,709,16583212
append,0,100,1,5,667,16283690
save_committed,0,100,1,5,709,16345585
append,0,100,1,6,667,16268465
save_committed,0,100,1,6,709,16469901
append,0,100,1,7,667,16355460
save_committed,0,100,1,7,709,16829122
append,0,100,1,8,667,16168089
save_committed,0,100,1,8,709,16755407
append,0,100,1,9,667,16748076
save_committed,0,100,1,9,709,16581455
append,0,100,1,10,667,16398807
save_committed,0,100,1,10,709,16534794
append,0,100,1,11,667,16687274
save_committed,0,100,1,11,709,16322790
append,0,100,1,12,667,16286984
save_committed,0,100,1,12,709,17004070
append,0,100,1,13,667,16313629
save_committed,0,100,1,13,709,16924537
append,0,100,1,14,667,16560295
save_committed,0,100,1,14,709,16648245
append,0,100,1,15,667,16839587
save_committed,0,100,1,15,709,16825138
append,0,100,1,16,667,16462005
save_committed,0,100,1,16,709,16804680
append,0,100,1,17,667,16072863
save_committed,0,100,1,17,709,16622683
append,0,100,1,18,667,16868284
save_committed,0,100,1,18,709,16354766
append,0,100,1,19,667,16023267
save_committed,0,100,1,19,709,16309772
append,0,100,8,0,4804,15988849
save_committed,0,100,8,0,4846,15954993
append,0,100,8,1,4804,16147767
save_committed,0,100,8,1,4846,16100305
append,0,100,8,2,4804,15809376
save_committed,0,100,8,2,4846,16350556
append,0,100,8,3,4804,16001979
save_committed,0,100,8,3,4846,16303935
append,0,100,8,4,4804,16027249
save_committed,0,100,8,4,4846,16395894
append,0,100,8,5,4804,16113257
save_committed,0,100,8,5,4846,16762794
append,0,100,8,6,4804,15983866
save_committed,0,100,8,6,4846,16760912
append,0,100,8,7,4804,16332651
save_committed,0,100,8,7,4846,16380461
append,0,100,8,8,4804,16020162
save_committed,0,100,8,8,4846,15975801
append,0,100,8,9,4804,15982975
save_committed,0,100,8,9,4846,16317765
append,0,100,8,10,4804,16163242
save_committed,0,100,8,10,4846,16234852
append,0,100,8,11,4804,16371424
save_committed,0,100,8,11,4846,16596833
append,0,100,8,12,4804,16286024
save_committed,0,100,8,12,4846,16820314
append,0,100,8,13,4804,16221964
save_committed,0,100,8,13,4846,16485663
append,0,100,8,14,4804,19880992
save_committed,0,100,8,14,4846,16267371
append,0,100,8,15,4804,16433056
save_committed,0,100,8,15,4846,16455301
append,0,100,8,16,4804,16054257
save_committed,0,100,8,16,4846,16249978
append,0,100,8,17,4804,16067066
save_committed,0,100,8,17,4846,16756077
append,0,100,8,18,4804,16310297
save_committed,0,100,8,18,4846,16540822
append,0,100,8,19,4804,16478846
save_committed,0,100,8,19,4846,16133197
append,0,100,32,0,19032,14708372
save_committed,0,100,32,0,19075,15358820
append,0,100,32,1,19032,15708018
save_committed,0,100,32,1,19075,16507225
append,0,100,32,2,19032,16988803
save_committed,0,100,32,2,19075,16668726
append,0,100,32,3,19032,16293433
save_committed,0,100,32,3,19075,16186928
append,0,100,32,4,19032,16284201
save_committed,0,100,32,4,19075,16652671
append,0,100,32,5,19032,16477815
save_committed,0,100,32,5,19075,17409608
append,0,100,32,6,19032,17056385
save_committed,0,100,32,6,19075,17172893
append,0,100,32,7,19032,15537954
save_committed,0,100,32,7,19075,16346500
append,0,100,32,8,19032,16404643
save_committed,0,100,32,8,19075,16130012
append,0,100,32,9,19032,16263472
save_committed,0,100,32,9,19075,23422073
append,0,100,32,10,19032,22559297
save_committed,0,100,32,10,19075,16484445
append,0,100,32,11,19032,15961705
save_committed,0,100,32,11,19075,16709221
append,0,100,32,12,19032,16542639
save_committed,0,100,32,12,19075,16852554
append,0,100,32,13,19032,16227678
save_committed,0,100,32,13,19075,16693301
append,0,100,32,14,19032,16593394
save_committed,0,100,32,14,19075,16583074
append,0,100,32,15,19032,16224233
save_committed,0,100,32,15,19075,16456816
append,0,100,32,16,19032,16345778
save_committed,0,100,32,16,19075,22461287
append,0,100,32,17,19032,22467771
save_committed,0,100,32,17,19075,16749342
append,0,100,32,18,19032,16032614
save_committed,0,100,32,18,19075,15880890
append,0,100,32,19,19032,16762436
save_committed,0,100,32,19,19075,16569958
append,0,1024,1,0,4363,16701619
save_committed,0,1024,1,0,4405,16751851
append,0,1024,1,1,4363,16540968
save_committed,0,1024,1,1,4405,16295964
append,0,1024,1,2,4363,16073538
save_committed,0,1024,1,2,4405,16479602
append,0,1024,1,3,4363,16385466
save_committed,0,1024,1,3,4405,16280061
append,0,1024,1,4,4363,16024717
save_committed,0,1024,1,4,4405,16471577
append,0,1024,1,5,4363,16243541
save_committed,0,1024,1,5,4405,16301845
append,0,1024,1,6,4363,16105873
save_committed,0,1024,1,6,4405,16494695
append,0,1024,1,7,4363,15709636
save_committed,0,1024,1,7,4405,16120326
append,0,1024,1,8,4363,16123865
save_committed,0,1024,1,8,4405,16169790
append,0,1024,1,9,4363,16002043
save_committed,0,1024,1,9,4405,16599663
append,0,1024,1,10,4363,16146544
save_committed,0,1024,1,10,4405,16057010
append,0,1024,1,11,4363,15999065
save_committed,0,1024,1,11,4405,16281355
append,0,1024,1,12,4363,16200500
save_committed,0,1024,1,12,4405,16675411
append,0,1024,1,13,4363,16468372
save_committed,0,1024,1,13,4405,16465909
append,0,1024,1,14,4363,16280475
save_committed,0,1024,1,14,4405,16477061
append,0,1024,1,15,4363,16346576
save_committed,0,1024,1,15,4405,16127671
append,0,1024,1,16,4363,16332017
save_committed,0,1024,1,16,4405,16496914
append,0,1024,1,17,4363,15687193
save_committed,0,1024,1,17,4405,16499444
append,0,1024,1,18,4363,16232851
save_committed,0,1024,1,18,4405,16607727
append,0,1024,1,19,4363,16185576
save_committed,0,1024,1,19,4405,16366492
append,0,1024,8,0,34372,16508497
save_committed,0,1024,8,0,34414,16557688
append,0,1024,8,1,34372,17016484
save_committed,0,1024,8,1,34414,16957085
append,0,1024,8,2,34372,16188401
save_committed,0,1024,8,2,34414,16686414
append,0,1024,8,3,34372,16439382
save_committed,0,1024,8,3,34414,16246420
append,0,1024,8,4,34372,16256853
save_committed,0,1024,8,4,34414,16502395
append,0,1024,8,5,34372,16457914
save_committed,0,1024,8,5,34414,16386497
append,0,1024,8,6,34372,16320807
save_committed,0,1024,8,6,34414,16381531
append,0,1024,8,7,34372,16608470
save_committed,0,1024,8,7,34414,16102892
append,0,1024,8,8,34372,15950670
save_committed,0,1024,8,8,34414,16489378
append,0,1024,8,9,34372,15484068
save_committed,0,1024,8,9,34414,16310383
append,0,1024,8,10,34372,16202318
save_committed,0,1024,8,10,34414,16753297
append,0,1024,8,11,34372,16442373
save_committed,0,1024,8,11,34414,17077649
append,0,1024,8,12,34372,16291013
save_committed,0,1024,8,12,34414,16679050
append,0,1024,8,13,34372,16437340
save_committed,0,1024,8,13,34414,16084122
append,0,1024,8,14,34372,16244368
save_committed,0,1024,8,14,34414,16316988
append,0,1024,8,15,34372,16180583
save_committed,0,1024,8,15,34414,16446145
append,0,1024,8,16,34372,15933592
save_committed,0,1024,8,16,34414,16388754
append,0,1024,8,17,34372,16141752
save_committed,0,1024,8,17,34414,16607153
append,0,1024,8,18,34372,16205469
save_committed,0,1024,8,18,34414,16674300
append,0,1024,8,19,34372,16556901
save_committed,0,1024,8,19,34414,16584051
append,0,1024,32,0,137304,16802445
save_committed,0,1024,32,0,137347,16832652
append,0,1024,32,1,137304,16854250
save_committed,0,1024,32,1,137347,16811703
append,0,1024,32,2,137304,16928726
save_committed,0,1024,32,2,137347,16952109
append,0,1024,32,3,137304,17083873
save_committed,0,1024,32,3,137347,16668545
append,0,1024,32,4,137304,16450811
save_committed,0,1024,32,4,137347,17135748
append,0,1024,32,5,137304,16621062
save_committed,0,1024,32,5,137347,17065299
append,0,1024,32,6,137304,16975078
save_committed,0,1024,32,6,137347,17277730
append,0,1024,32,7,137304,16500977
save_committed,0,1024,32,7,137347,17123189
append,0,1024,32,8,137304,16898856
save_committed,0,1024,32,8,137347,16866340
append,0,1024,32,9,137304,17078582
save_committed,0,1024,32,9,137347,17549609
append,0,1024,32,10,137304,17117355
save_committed,0,1024,32,10,137347,17548905
append,0,1024,32,11,137304,17068945
save_committed,0,1024,32,11,137347,17848378
append,0,1024,32,12,137304,17158904
save_committed,0,1024,32,12,137347,17272167
append,0,1024,32,13,137304,16866809
save_committed,0,1024,32,13,137347,16967249
append,0,1024,32,14,137304,16956830
save_committed,0,1024,32,14,137347,16966340
append,0,1024,32,15,137304,16943777
save_committed,0,1024,32,15,137347,17230599
append,0,1024,32,16,137304,17419846
save_committed,0,1024,32,16,137347,16543282
append,0,1024,32,17,137304,17469754
save_committed,0,1024,32,17,137347,17449211
append,0,1024,32,18,137304,17412698
save_committed,0,1024,32,18,137347,17257341
append,0,1024,32,19,137304,17266441
save_committed,0,1024,32,19,137347,17487384
append,4,100,1,0,3073,16739312
save_committed,4,100,1,0,3073,17049671
append,4,100,1,1,3073,16493134
save_committed,4,100,1,1,3073,16682399
append,4,100,1,2,3073,16290275
save_committed,4,100,1,2,3073,16959631
append,4,100,1,3,3073,16244762
save_committed,4,100,1,3,3073,17306422
append,4,100,1,4,3073,16813884
save_committed,4,100,1,4,3073,16942963
append,4,100,1,5,3073,16232132
save_committed,4,100,1,5,3073,16993100
append,4,100,1,6,3073,16848085
save_committed,4,100,1,6,3073,16454814
append,4,100,1,7,3073,16365065
save_committed,4,100,1,7,3073,16537881
append,4,100,1,8,3073,16013757
save_committed,4,100,1,8,3073,16533554
append,4,100,1,9,3073,16320624
save_committed,4,100,1,9,3073,16519155
append,4,100,1,10,3073,15856686
save_committed,4,100,1,10,3073,16336102
append,4,100,1,11,3073,15796275
save_committed,4,100,1,11,3073,16427651
append,4,100,1,12,3073,15972925
save_committed,4,100,1,12,3073,16192166
append,4,100,1,13,3073,15864824
save_committed,4,100,1,13,3073,16698147
append,4,100,1,14,3073,15072907
save_committed,4,100,1,14,3073,15780289
append,4,100,1,15,3073,16261295
save_committed,4,100,1,15,3073,16735356
append,4,100,1,16,3073,16346844
save_committed,4,100,1,16,3073,16324161
append,4,100,1,17,3073,16127564
save_committed,4,100,1,17,3073,16089525
append,4,100,1,18,3073,15671711
save_committed,4,100,1,18,3073,16077103
append,4,100,1,19,3073,15851309
save_committed,4,100,1,19,3073,16935002
append,4,100,8,0,7214,15980246
save_committed,4,100,8,0,7215,16589443
append,4,100,8,1,7214,16130074
save_committed,4,100,8,1,7215,16654921
append,4,100,8,2,7214,16703553
save_committed,4,100,8,2,7215,16780593
append,4,100,8,3,7214,16851219
save_committed,4,100,8,3,7215,16782615
append,4,100,8,4,7214,16599936
save_committed,4,100,8,4,7215,17046841
append,4,100,8,5,7214,16671863
save_committed,4,100,8,5,7215,15057714
append,4,100,8,6,7214,16043000
save_committed,4,100,8,6,7215,16812900
append,4,100,8,7,7214,16292862
save_committed,4,100,8,7,7215,16440671
append,4,100,8,8,7214,15976361
save_committed,4,100,8,8,7215,16668147
append,4,100,8,9,7214,16139889
save_committed,4,100,8,9,7215,16213470
append,4,100,8,10,7214,19390544
save_committed,4,100,8,10,7215,15161399
append,4,100,8,11,7214,15951364
save_committed,4,100,8,11,7215,16449027
append,4,100,8,12,7214,16413030
save_committed,4,100,8,12,7215,16994873
append,4,100,8,13,7214,16645006
save_committed,4,100,8,13,7215,16868808
append,4,100,8,14,7214,16269703
save_committed,4,100,8,14,7215,16364727
append,4,100,8,15,7214,16062849
save_committed,4,100,8,15,7215,16011496
append,4,100,8,16,7214,15378484
save_committed,4,100,8,16,7215,15726204
append,4,100,8,17,7214,16237721
save_committed,4,100,8,17,7215,16922676
append,4,100,8,18,7214,16461119
save_committed,4,100,8,18,7215,15885635
append,4,100,8,19,7214,15736482
save_committed,4,100,8,19,7215,16617822
append,4,100,32,0,21446,16423074
save_committed,4,100,32,0,21447,14893537
append,4,100,32,1,21446,14193787
save_committed,4,100,32,1,21447,15388720
append,4,100,32,2,21446,16739052
save_committed,4,100,32,2,21447,16759139
append,4,100,32,3,21446,15832396
save_committed,4,100,32,3,21447,16095282
append,4,100,32,4,21446,15964168
save_committed,4,100,32,4,21447,15792890
append,4,100,32,5,21446,15630960
save_committed,4,100,32,5,21447,15989360
append,4,100,32,6,21446,15189949
save_committed,4,100,32,6,21447,15774577
append,4,100,32,7,21446,15759296
save_committed,4,100,32,7,21447,15996054
append,4,100,32,8,21446,15673345
save_committed,4,100,32,8,21447,16015961
append,4,100,32,9,21446,15581296
save_committed,4,100,32,9,21447,16022173
append,4,100,32,10,21446,15651623
save_committed,4,100,32,10,21447,16726341
append,4,100,32,11,21446,16286369
save_committed,4,100,32,11,21447,16126583
append,4,100,32,12,21446,15767501
save_committed,4,100,32,12,21447,16133279
append,4,100,32,13,21446,16425865
save_committed,4,100,32,13,21447,16412388
append,4,100,32,14,21446,16508488
save_committed,4,100,32,14,21447,16870745
append,4,100,32,15,21446,15276870
save_committed,4,100,32,15,21447,16263066
append,4,100,32,16,21446,17124363
save_committed,4,100,32,16,21447,17220610
append,4,100,32,17,21446,15951978
save_committed,4,100,32,17,21447,16337031
append,4,100,32,18,21446,15915242
save_committed,4,100,32,18,21447,16087089
append,4,100,32,19,21446,16719774
save_committed,4,100,32,19,21447,16893540
append,4,1024,1,0,21553,16672156
save_committed,4,1024,1,0,21553,16021495
append,4,1024,1,1,21553,16198999
save_committed,4,1024,1,1,21553,15895780
append,4,1024,1,2,21553,16388199
save_committed,4,1024,1,2,21553,16118856
append,4,1024,1,3,21553,16186335
save_committed,4,1024,1,3,21553,16260459
append,4,1024,1,4,21553,16473600
save_committed,4,1024,1,4,21553,15972025
append,4,1024,1,5,21553,22432972
save_committed,4,1024,1,5,21553,16519473
append,4,1024,1,6,21553,16449027
save_committed,4,1024,1,6,21553,16405215
append,4,1024,1,7,21553,16369597
save_committed,4,1024,1,7,21553,16978469
append,4,1024,1,8,21553,16530010
save_committed,4,1024,1,8,21553,16827722
append,4,1024,1,9,21553,16483060
save_committed,4,1024,1,9,21553,16248157
append,4,1024,1,10,21553,16119868
save_committed,4,1024,1,10,21553,16712678
append,4,1024,1,11,21553,16383523
save_committed,4,1024,1,11,21553,16443028
append,4,1024,1,12,21553,16181598
save_committed,4,1024,1,12,21553,16496411
append,4,1024,1,13,21553,16487659
save_committed,4,1024,1,13,21553,16444366
append,4,1024,1,14,21553,15754099
save_committed,4,1024,1,14,21553,16224573
append,4,1024,1,15,21553,16312078
save_committed,4,1024,1,15,21553,16408749
append,4,1024,1,16,21553,16078244
save_committed,4,1024,1,16,21553,16969967
append,4,1024,1,17,21553,16436305
save_committed,4,1024,1,17,21553,16571268
append,4,1024,1,18,21553,16871483
save_committed,4,1024,1,18,21553,17382784
append,4,1024,1,19,21553,17067573
save_committed,4,1024,1,19,21553,16986668
append,4,1024,8,0,51566,17603377
save_committed,4,1024,8,0,51567,17455815
append,4,1024,8,1,51566,17065725
save_committed,4,1024,8,1,51567,16969110
append,4,1024,8,2,51566,17038338
save_committed,4,1024,8,2,51567,17061859
append,4,1024,8,3,51566,17072809
save_committed,4,1024,8,3,51567,16922740
append,4,1024,8,4,51566,16991774
save_committed,4,1024,8,4,51567,16977795
append,4,1024,8,5,51566,16587208
save_committed,4,1024,8,5,51567,16874437
append,4,1024,8,6,51566,16714965
save_committed,4,1024,8,6,51567,16770880
append,4,1024,8,7,51566,16818187
save_committed,4,1024,8,7,51567,17171588
append,4,1024,8,8,51566,16704529
save_committed,4,1024,8,8,51567,17397109
append,4,1024,8,9,51566,17007743
save_committed,4,1024,8,9,51567,17005652
append,4,1024,8,10,51566,16938228
save_committed,4,1024,8,10,51567,17230296
append,4,1024,8,11,51566,17300366
save_committed,4,1024,8,11,51567,17229486
append,4,1024,8,12,51566,17160346
save_committed,4,1024,8,12,51567,17357343
append,4,1024,8,13,51566,16955584
save_committed,4,1024,8,13,51567,16916974
append,4,1024,8,14,51566,16841039
save_committed,4,1024,8,14,51567,17069864
append,4,1024,8,15,51566,17314104
save_committed,4,1024,8,15,51567,17070238
append,4,1024,8,16,51566,15557237
save_committed,4,1024,8,16,51567,16501642
append,4,1024,8,17,51566,15864789
save_committed,4,1024,8,17,51567,16294673
append,4,1024,8,18,51566,16509377
save_committed,4,1024,8,18,51567,16507743
append,4,1024,8,19,51566,15901480
save_committed,4,1024,8,19,51567,16721516
append,4,1024,32,0,154502,16974902
save_committed,4,1024,32,0,154503,17245792
append,4,1024,32,1,154502,16608841
save_committed,4,1024,32,1,154503,16797504
append,4,1024,32,2,154502,16689751
save_committed,4,1024,32,2,154503,16677202
append,4,1024,32,3,154502,15953425
save_committed,4,1024,32,3,154503,16824417
append,4,1024,32,4,154502,16768709
save_committed,4,1024,32,4,154503,16703087
append,4,1024,32,5,154502,17007404
save_committed,4,1024,32,5,154503,17043274
append,4,1024,32,6,154502,17253961
save_committed,4,1024,32,6,154503,16723539
append,4,1024,32,7,154502,17380666
save_committed,4,1024,32,7,154503,17294106
append,4,1024,32,8,154502,17119715
save_committed,4,1024,32,8,154503,16951052
append,4,1024,32,9,154502,17720528
save_committed,4,1024,32,9,154503,16961769
append,4,1024,32,10,154502,17313335
save_committed,4,1024,32,10,154503,17178130
append,4,1024,32,11,154502,14632776
save_committed,4,1024,32,11,154503,14888177
append,4,1024,32,12,154502,16988641
save_committed,4,1024,32,12,154503,16919049
append,4,1024,32,13,154502,16949870
save_committed,4,1024,32,13,154503,17240247
append,4,1024,32,14,154502,17240548
save_committed,4,1024,32,14,154503,16507715
append,4,1024,32,15,154502,16521036
save_committed,4,1024,32,15,154503,17055409
append,4,1024,32,16,154502,16934120
save_committed,4,1024,32,16,154503,16687052
append,4,1024,32,17,154502,16478330
save_committed,4,1024,32,17,154503,17077550
append,4,1024,32,18,154502,16891488
save_committed,4,1024,32,18,154503,17068243
append,4,1024,32,19,154502,17112840
save_committed,4,1024,32,19,154503,17173436
append,32,100,1,0,19668,16374402
save_committed,32,100,1,0,19668,16899555
append,32,100,1,1,19668,16270086
save_committed,32,100,1,1,19668,16346853
append,32,100,1,2,19668,16080377
save_committed,32,100,1,2,19668,16585481
append,32,100,1,3,19668,16247280
save_committed,32,100,1,3,19668,16518349
append,32,100,1,4,19668,15773730
save_committed,32,100,1,4,19668,16381669
append,32,100,1,5,19668,15971673
save_committed,32,100,1,5,19668,15796282
append,32,100,1,6,19668,16137002
save_committed,32,100,1,6,19668,16759606
append,32,100,1,7,19668,16426832
save_committed,32,100,1,7,19668,15843229
append,32,100,1,8,19668,15453274
save_committed,32,100,1,8,19668,16492300
append,32,100,1,9,19668,16057154
save_committed,32,100,1,9,19668,16856437
append,32,100,1,10,19668,16283153
save_committed,32,100,1,10,19668,16442850
append,32,100,1,11,19668,16067367
save_committed,32,100,1,11,19668,15703032
append,32,100,1,12,19668,16607738
save_committed,32,100,1,12,19668,16802936
append,32,100,1,13,19668,15933915
save_committed,32,100,1,13,19668,16507187
append,32,100,1,14,19668,16405182
save_committed,32,100,1,14,19668,16850278
append,32,100,1,15,19668,16286294
save_committed,32,100,1,15,19668,16295201
append,32,100,1,16,19668,16099506
save_committed,32,100,1,16,19668,16647948
append,32,100,1,17,19668,16253258
save_committed,32,100,1,17,19668,16693607
append,32,100,1,18,19668,16398491
save_committed,32,100,1,18,19668,16936935
append,32,100,1,19,19668,16497630
save_committed,32,100,1,19,19668,16795904
append,32,100,8,0,23819,15698091
save_committed,32,100,8,0,23819,16634784
append,32,100,8,1,23819,16326807
save_committed,32,100,8,1,23819,16934580
append,32,100,8,2,23819,16481629
save_committed,32,100,8,2,23819,16762827
append,32,100,8,3,23819,16364903
save_committed,32,100,8,3,23819,16359954
append,32,100,8,4,23819,16392572
save_committed,32,100,8,4,23819,16437324
append,32,100,8,5,23819,16274948
save_committed,32,100,8,5,23819,16137586
append,32,100,8,6,23819,16397925
save_committed,32,100,8,6,23819,16924432
append,32,100,8,7,23819,20524541
save_committed,32,100,8,7,23819,16744159
append,32,100,8,8,23819,16175618
save_committed,32,100,8,8,23819,16219153
append,32,100,8,9,23819,15986740
save_committed,32,100,8,9,23819,16175125
append,32,100,8,10,23819,16172979
save_committed,32,100,8,10,23819,16253679
append,32,100,8,11,23819,16619215
save_committed,32,100,8,11,23819,16494115
append,32,100,8,12,23819,16146365
save_committed,32,100,8,12,23819,16518189
append,32,100,8,13,23819,16285133
save_committed,32,100,8,13,23819,16786582
append,32,100,8,14,23819,16452860
save_committed,32,100,8,14,23819,16212313
append,32,100,8,15,23819,16473626
save_committed,32,100,8,15,23819,16861424
append,32,100,8,16,23819,16222844
save_committed,32,100,8,16,23819,16554009
append,32,100,8,17,23819,16287082
save_committed,32,100,8,17,23819,16410382
append,32,100,8,18,23819,16672002
save_committed,32,100,8,18,23819,16638556
append,32,100,8,19,23819,17137797
save_committed,32,100,8,19,23819,16914260
append,32,100,32,0,38051,17303113
save_committed,32,100,32,0,38051,17154104
append,32,100,32,1,38051,17085809
save_committed,32,100,32,1,38051,17022526
append,32,100,32,2,38051,16601755
save_committed,32,100,32,2,38051,16941496
append,32,100,32,3,38051,17240461
save_committed,32,100,32,3,38051,16730406
append,32,100,32,4,38051,16976301
save_committed,32,100,32,4,38051,16849346
append,32,100,32,5,38051,17217209
save_committed,32,100,32,5,38051,16838174
append,32,100,32,6,38051,16768650
save_committed,32,100,32,6,38051,16403979
append,32,100,32,7,38051,16308292
save_committed,32,100,32,7,38051,16359583
append,32,100,32,8,38051,16722870
save_committed,32,100,32,8,38051,16570741
append,32,100,32,9,38051,16731356
save_committed,32,100,32,9,38051,16645355
append,32,100,32,10,38051,16859633
save_committed,32,100,32,10,38051,16770355
append,32,100,32,11,38051,16379792
save_committed,32,100,32,11,38051,16486974
append,32,100,32,12,38051,16261471
save_committed,32,100,32,12,38051,16802389
append,32,100,32,13,38051,16364099
save_committed,32,100,32,13,38051,16618440
append,32,100,32,14,38051,16442370
save_committed,32,100,32,14,38051,16362564
append,32,100,32,15,38051,16328947
save_committed,32,100,32,15,38051,16013386
append,32,100,32,16,38051,16499222
save_committed,32,100,32,16,38051,16489339
append,32,100,32,17,38051,16573413
save_committed,32,100,32,17,38051,16616002
append,32,100,32,18,38051,16229852
save_committed,32,100,32,18,38051,16217765
append,32,100,32,19,38051,16868749
save_committed,32,100,32,19,38051,16643204
append,32,1024,1,0,141636,16863155
save_committed,32,1024,1,0,141636,16842260
append,32,1024,1,1,141636,16747905
save_committed,32,1024,1,1,141636,17159567
append,32,1024,1,2,141636,16450702
save_committed,32,1024,1,2,141636,16115424
append,32,1024,1,3,141636,15473671
save_committed,32,1024,1,3,141636,16496997
append,32,1024,1,4,141636,15471932
save_committed,32,1024,1,4,141636,15875578
append,32,1024,1,5,141636,15177035
save_committed,32,1024,1,5,141636,16384201
append,32,1024,1,6,141636,16152681
save_committed,32,1024,1,6,141636,16390945
append,32,1024,1,7,141636,16628605
save_committed,32,1024,1,7,141636,17415309
append,32,1024,1,8,141636,17108138
save_committed,32,1024,1,8,141636,17279881
append,32,1024,1,9,141636,16867925
save_committed,32,1024,1,9,141636,17475048
append,32,1024,1,10,141636,16714996
save_committed,32,1024,1,10,141636,16891584
append,32,1024,1,11,141636,16987829
save_committed,32,1024,1,11,141636,17063803
append,32,1024,1,12,141636,16799004
save_committed,32,1024,1,12,141636,17107954
append,32,1024,1,13,141636,17451497
save_committed,32,1024,1,13,141636,16931201
append,32,1024,1,14,141636,16743395
save_committed,32,1024,1,14,141636,16994663
append,32,1024,1,15,141636,16594425
save_committed,32,1024,1,15,141636,17373089
append,32,1024,1,16,141636,16664870
save_committed,32,1024,1,16,141636,16716949
append,32,1024,1,17,141636,16639162
save_committed,32,1024,1,17,141636,16266316
append,32,1024,1,18,141636,16624327
save_committed,32,1024,1,18,141636,17816500
append,32,1024,1,19,141636,16847558
save_committed,32,1024,1,19,141636,17755823
append,32,1024,8,0,171659,16755646
save_committed,32,1024,8,0,171659,16957056
append,32,1024,8,1,171659,16506595
save_committed,32,1024,8,1,171659,17085275
append,32,1024,8,2,171659,16669186
save_committed,32,1024,8,2,171659,16494889
append,32,1024,8,3,171659,16061676
save_committed,32,1024,8,3,171659,17165981
append,32,1024,8,4,171659,16958432
save_committed,32,1024,8,4,171659,16825158
append,32,1024,8,5,171659,16297165
save_committed,32,1024,8,5,171659,17063301
append,32,1024,8,6,171659,16136762
save_committed,32,1024,8,6,171659,16610095
append,32,1024,8,7,171659,16530136
save_committed,32,1024,8,7,171659,16756091
append,32,1024,8,8,171659,16854513
save_committed,32,1024,8,8,171659,17477394
append,32,1024,8,9,171659,16909033
save_committed,32,1024,8,9,171659,16722981
append,32,1024,8,10,171659,16884351
save_committed,32,1024,8,10,171659,17449269
append,32,1024,8,11,171659,16743153
save_committed,32,1024,8,11,171659,17815814
append,32,1024,8,12,171659,17355172
save_committed,32,1024,8,12,171659,17025303
append,32,1024,8,13,171659,16706591
save_committed,32,1024,8,13,171659,17117994
append,32,1024,8,14,171659,16591400
save_committed,32,1024,8,14,171659,17019224
append,32,1024,8,15,171659,17268376
save_committed,32,1024,8,15,171659,17806045
append,32,1024,8,16,171659,16630938
save_committed,32,1024,8,16,171659,18006137
append,32,1024,8,17,171659,16813821
save_committed,32,1024,8,17,171659,17934883
append,32,1024,8,18,171659,17207612
save_committed,32,1024,8,18,171659,17773381
append,32,1024,8,19,171659,17355381
save_committed,32,1024,8,19,171659,18024553
append,32,1024,32,0,274595,16551394
save_committed,32,1024,32,0,274595,17017948
append,32,1024,32,1,274595,16504667
save_committed,32,1024,32,1,274595,16869424
append,32,1024,32,2,274595,16546615
save_committed,32,1024,32,2,274595,17243881
append,32,1024,32,3,274595,16330996
save_committed,32,1024,32,3,274595,17119430
append,32,1024,32,4,274595,16442435
save_committed,32,1024,32,4,274595,17190162
append,32,1024,32,5,274595,17202784
save_committed,32,1024,32,5,274595,17721812
append,32,1024,32,6,274595,17028942
save_committed,32,1024,32,6,274595,17266296
append,32,1024,32,7,274595,17254589
save_committed,32,1024,32,7,274595,17726940
append,32,1024,32,8,274595,17348736
save_committed,32,1024,32,8,274595,17827607
append,32,1024,32,9,274595,16956024
save_committed,32,1024,32,9,274595,17572248
append,32,1024,32,10,274595,16869220
save_committed,32,1024,32,10,274595,18218204
append,32,1024,32,11,274595,17307919
save_committed,32,1024,32,11,274595,17998040
append,32,1024,32,12,274595,17561215
save_committed,32,1024,32,12,274595,18071839
append,32,1024,32,13,274595,17730476
save_committed,32,1024,32,13,274595,18088548
append,32,1024,32,14,274595,17115932
save_committed,32,1024,32,14,274595,17784717
append,32,1024,32,15,274595,16846328
save_committed,32,1024,32,15,274595,17426549
append,32,1024,32,16,274595,17262731
save_committed,32,1024,32,16,274595,17538819
append,32,1024,32,17,274595,16833212
save_committed,32,1024,32,17,274595,17113401
append,32,1024,32,18,274595,17204146
save_committed,32,1024,32,18,274595,16875015
append,32,1024,32,19,274595,17403348
save_committed,32,1024,32,19,274595,18005723
append,36,100,1,0,22040,16413882
save_committed,36,100,1,0,22040,16084816
append,36,100,1,1,22040,15939924
save_committed,36,100,1,1,22040,16710090
append,36,100,1,2,22040,16489345
save_committed,36,100,1,2,22040,16976332
append,36,100,1,3,22040,16485247
save_committed,36,100,1,3,22040,15922797
append,36,100,1,4,22040,14718481
save_committed,36,100,1,4,22040,15251214
append,36,100,1,5,22040,15114210
save_committed,36,100,1,5,22040,16742587
append,36,100,1,6,22040,16078383
save_committed,36,100,1,6,22040,16987714
append,36,100,1,7,22040,16148064
save_committed,36,100,1,7,22040,16373471
append,36,100,1,8,22040,16449119
save_committed,36,100,1,8,22040,16989517
append,36,100,1,9,22040,15683959
save_committed,36,100,1,9,22040,15926321
append,36,100,1,10,22040,15879110
save_committed,36,100,1,10,22040,15981952
append,36,100,1,11,22040,16048750
save_committed,36,100,1,11,22040,16370116
append,36,100,1,12,22040,16016880
save_committed,36,100,1,12,22040,16203085
append,36,100,1,13,22040,15971653
save_committed,36,100,1,13,22040,16516922
append,36,100,1,14,22040,16305661
save_committed,36,100,1,14,22040,16685159
append,36,100,1,15,22040,16733112
save_committed,36,100,1,15,22040,16928870
append,36,100,1,16,22040,16941619
save_committed,36,100,1,16,22040,17197510
append,36,100,1,17,22040,16901488
save_committed,36,100,1,17,22040,17467456
append,36,100,1,18,22040,16903406
save_committed,36,100,1,18,22040,16877689
append,36,100,1,19,22040,16890890
save_committed,36,100,1,19,22040,17264968
append,36,100,8,0,26191,17288200
save_committed,36,100,8,0,26191,17135098
append,36,100,8,1,26191,16715133
save_committed,36,100,8,1,26191,16077738
append,36,100,8,2,26191,16673034
save_committed,36,100,8,2,26191,16903032
append,36,100,8,3,26191,16464957
save_committed,36,100,8,3,26191,16963546
append,36,100,8,4,26191,20930550
save_committed,36,100,8,4,26191,16507118
append,36,100,8,5,26191,16560829
save_committed,36,100,8,5,26191,16727128
append,36,100,8,6,26191,16670906
save_committed,36,100,8,6,26191,17091353
append,36,100,8,7,26191,16539685
save_committed,36,100,8,7,26191,17158732
append,36,100,8,8,26191,16706416
save_committed,36,100,8,8,26191,17082755
append,36,100,8,9,26191,16377450
save_committed,36,100,8,9,26191,16578856
append,36,100,8,10,26191,16411890
save_committed,36,100,8,10,26191,16977955
append,36,100,8,11,26191,16595905
save_committed,36,100,8,11,26191,16773451
append,36,100,8,12,26191,16567364
save_committed,36,100,8,12,26191,16974827
append,36,100,8,13,26191,17065716
save_committed,36,100,8,13,26191,16826183
append,36,100,8,14,26191,16479776
save_committed,36,100,8,14,26191,16714696
append,36,100,8,15,26191,16099033
save_committed,36,100,8,15,26191,14111268
append,36,100,8,16,26191,13998062
save_committed,36,100,8,16,26191,14861562
append,36,100,8,17,26191,15118470
save_committed,36,100,8,17,26191,16676819
append,36,100,8,18,26191,16430369
save_committed,36,100,8,18,26191,16539190
append,36,100,8,19,26191,14421646
save_committed,36,100,8,19,26191,13338739
append,36,100,32,0,40423,15446236
save_committed,36,100,32,0,40423,16247011
append,36,100,32,1,40423,15764465
save_committed,36,100,32,1,40423,15967964
append,36,100,32,2,40423,16029723
save_committed,36,100,32,2,40423,15845050
append,36,100,32,3,40423,16020758
save_committed,36,100,32,3,40423,16304687
append,36,100,32,4,40423,15885349
save_committed,36,100,32,4,40423,16461436
append,36,100,32,5,40423,15703238
save_committed,36,100,32,5,40423,16111700
append,36,100,32,6,40423,15552172
save_committed,36,100,32,6,40423,15543566
append,36,100,32,7,40423,15877749
save_committed,36,100,32,7,40423,16111956
append,36,100,32,8,40423,15605944
save_committed,36,100,32,8,40423,16005842
append,36,100,32,9,40423,16454910
save_committed,36,100,32,9,40423,23935642
append,36,100,32,10,40423,29946785
save_committed,36,100,32,10,40423,16573558
append,36,100,32,11,40423,16578174
save_committed,36,100,32,11,40423,15887286
append,36,100,32,12,40423,15453299
save_committed,36,100,32,12,40423,16133148
append,36,100,32,13,40423,16589418
save_committed,36,100,32,13,40423,16699613
append,36,100,32,14,40423,15648630
save_committed,36,100,32,14,40423,22640930
append,36,100,32,15,40423,16198232
save_committed,36,100,32,15,40423,16477060
append,36,100,32,16,40423,16284816
save_committed,36,100,32,16,40423,16970112
append,36,100,32,17,40423,16583986
save_committed,36,100,32,17,40423,16335542
append,36,100,32,18,40423,16378913
save_committed,36,100,32,18,40423,16212317
append,36,100,32,19,40423,16182524
save_committed,36,100,32,19,40423,16587773
append,36,1024,1,0,158792,15841561
save_committed,36,1024,1,0,158792,16479394
append,36,1024,1,1,158792,17241956
save_committed,36,1024,1,1,158792,17337926
append,36,1024,1,2,158792,16664762
save_committed,36,1024,1,2,158792,17259694
append,36,1024,1,3,158792,16669670
save_committed,36,1024,1,3,158792,17577937
append,36,1024,1,4,158792,17020167
save_committed,36,1024,1,4,158792,17567701
append,36,1024,1,5,158792,16698152
save_committed,36,1024,1,5,158792,17472736
append,36,1024,1,6,158792,16715608
save_committed,36,1024,1,6,158792,17099361
append,36,1024,1,7,158792,16606405
save_committed,36,1024,1,7,158792,17384942
append,36,1024,1,8,158792,16875629
save_committed,36,1024,1,8,158792,17111608
append,36,1024,1,9,158792,16633022
save_committed,36,1024,1,9,158792,17428445
append,36,1024,1,10,158792,17394662
save_committed,36,1024,1,10,158792,16985930
append,36,1024,1,11,158792,16585221
save_committed,36,1024,1,11,158792,16862672
append,36,1024,1,12,158792,16760647
save_committed,36,1024,1,12,158792,16969004
append,36,1024,1,13,158792,16870904
save_committed,36,1024,1,13,158792,17417094
append,36,1024,1,14,158792,16520100
save_committed,36,1024,1,14,158792,17640432
append,36,1024,1,15,158792,17233284
save_committed,36,1024,1,15,158792,17332557
append,36,1024,1,16,158792,17025929
save_committed,36,1024,1,16,158792,17274356
append,36,1024,1,17,158792,17578185
save_committed,36,1024,1,17,158792,17597975
append,36,1024,1,18,158792,16403490
save_committed,36,1024,1,18,158792,16522491
append,36,1024,1,19,158792,16551577
save_committed,36,1024,1,19,158792,16739869
append,36,1024,8,0,188815,16645525
save_committed,36,1024,8,0,188815,17215193
append,36,1024,8,1,188815,16953525
save_committed,36,1024,8,1,188815,16826422
append,36,1024,8,2,188815,17120177
save_committed,36,1024,8,2,188815,17566967
append,36,1024,8,3,188815,16857096
save_committed,36,1024,8,3,188815,17384893
append,36,1024,8,4,188815,16735794
save_committed,36,1024,8,4,188815,17433963
append,36,1024,8,5,188815,17399748
save_committed,36,1024,8,5,188815,17067094
append,36,1024,8,6,188815,15523063
save_committed,36,1024,8,6,188815,16462540
append,36,1024,8,7,188815,15877858
save_committed,36,1024,8,7,188815,16104020
append,36,1024,8,8,188815,14662075
save_committed,36,1024,8,8,188815,15700159
append,36,1024,8,9,188815,16529849
save_committed,36,1024,8,9,188815,17263680
append,36,1024,8,10,188815,17274763
save_committed,36,1024,8,10,188815,17329511
append,36,1024,8,11,188815,17205119
save_committed,36,1024,8,11,188815,17956060
append,36,1024,8,12,188815,17540310
save_committed,36,1024,8,12,188815,17935878
append,36,1024,8,13,188815,17067769
save_committed,36,1024,8,13,188815,17605695
append,36,1024,8,14,188815,17091509
save_committed,36,1024,8,14,188815,17606309
append,36,1024,8,15,188815,17255843
save_committed,36,1024,8,15,188815,18000355
append,36,1024,8,16,188815,17192668
save_committed,36,1024,8,16,188815,17280907
append,36,1024,8,17,188815,17195788
save_committed,36,1024,8,17,188815,17891027
append,36,1024,8,18,188815,17562227
save_committed,36,1024,8,18,188815,17808738
append,36,1024,8,19,188815,17678443
save_committed,36,1024,8,19,188815,18013374
append,36,1024,32,0,291751,17515047
save_committed,36,1024,32,0,291751,17977686
append,36,1024,32,1,291751,17458886
save_committed,36,1024,32,1,291751,17823988
append,36,1024,32,2,291751,17277565
save_committed,36,1024,32,2,291751,18054127
append,36,1024,32,3,291751,17310837
save_committed,36,1024,32,3,291751,17483759
append,36,1024,32,4,291751,17206645
save_committed,36,1024,32,4,291751,16997389
append,36,1024,32,5,291751,16219001
save_committed,36,1024,32,5,291751,17871112
append,36,1024,32,6,291751,17500872
save_committed,36,1024,32,6,291751,17567160
append,36,1024,32,7,291751,17509087
save_committed,36,1024,32,7,291751,17867113
append,36,1024,32,8,291751,14482972
save_committed,36,1024,32,8,291751,16062957
append,36,1024,32,9,291751,15874450
save_committed,36,1024,32,9,291751,16063997
append,36,1024,32,10,291751,14994204
save_committed,36,1024,32,10,291751,16150504
append,36,1024,32,11,291751,17266849
save_committed,36,1024,32,11,291751,17947567
append,36,1024,32,12,291751,16987624
save_committed,36,1024,32,12,291751,17354578
append,36,1024,32,13,291751,17190475
save_committed,36,1024,32,13,291751,17860344
append,36,1024,32,14,291751,17421513
save_committed,36,1024,32,14,291751,17971015
append,36,1024,32,15,291751,17299340
save_committed,36,1024,32,15,291751,17525602
append,36,1024,32,16,291751,16959106
save_committed,36,1024,32,16,291751,17017912
append,36,1024,32,17,291751,17261229
save_committed,36,1024,32,17,291751,17982847
append,36,1024,32,18,291751,17266438
save_committed,36,1024,32,18,291751,17922678
append,36,1024,32,19,291751,17511423
save_committed,36,1024,32,19,291751,17874696
append,256,100,1,0,152815,16883927
save_committed,256,100,1,0,152815,17418330
append,256,100,1,1,152815,16894583
save_committed,256,100,1,1,152815,17427444
append,256,100,1,2,152815,16567884
save_committed,256,100,1,2,152815,16709371
append,256,100,1,3,152815,16505098
save_committed,256,100,1,3,152815,17520887
append,256,100,1,4,152815,17382006
save_committed,256,100,1,4,152815,17756181
append,256,100,1,5,152815,16845278
save_committed,256,100,1,5,152815,17473899
append,256,100,1,6,152815,17128474
save_committed,256,100,1,6,152815,17454717
append,256,100,1,7,152815,16711477
save_committed,256,100,1,7,152815,17515646
append,256,100,1,8,152815,17254782
save_committed,256,100,1,8,152815,17306723
append,256,100,1,9,152815,17157255
save_committed,256,100,1,9,152815,17597274
append,256,100,1,10,152815,16587143
save_committed,256,100,1,10,152815,16659886
append,256,100,1,11,152815,16802027
save_committed,256,100,1,11,152815,17440698
append,256,100,1,12,152815,17254177
save_committed,256,100,1,12,152815,17408063
append,256,100,1,13,152815,16823007
save_committed,256,100,1,13,152815,17359090
append,256,100,1,14,152815,16759433
save_committed,256,100,1,14,152815,17238516
append,256,100,1,15,152815,16947381
save_committed,256,100,1,15,152815,17474100
append,256,100,1,16,152815,16915375
save_committed,256,100,1,16,152815,17733618
append,256,100,1,17,152815,17246172
save_committed,256,100,1,17,152815,17236810
append,256,100,1,18,152815,17254041
save_committed,256,100,1,18,152815,17782496
append,256,100,1,19,152815,16933905
save_committed,256,100,1,19,152815,16661328
append,256,100,8,0,156980,16630123
save_committed,256,100,8,0,156980,16835821
append,256,100,8,1,156980,16453853
save_committed,256,100,8,1,156980,16764797
append,256,100,8,2,156980,16323997
save_committed,256,100,8,2,156980,17036745
append,256,100,8,3,156980,16362181
save_committed,256,100,8,3,156980,16970415
append,256,100,8,4,156980,15096747
save_committed,256,100,8,4,156980,14857583
append,256,100,8,5,156980,14955524
save_committed,256,100,8,5,156980,15439559
append,256,100,8,6,156980,16485994
save_committed,256,100,8,6,156980,16622117
append,256,100,8,7,156980,15984421
save_committed,256,100,8,7,156980,16394237
append,256,100,8,8,156980,15989949
save_committed,256,100,8,8,156980,16439393
append,256,100,8,9,156980,15810731
save_committed,256,100,8,9,156980,16077427
append,256,100,8,10,156980,15971123
save_committed,256,100,8,10,156980,16563860
append,256,100,8,11,156980,16187755
save_committed,256,100,8,11,156980,16753892
append,256,100,8,12,156980,15977748
save_committed,256,100,8,12,156980,16431019
append,256,100,8,13,156980,16147496
save_committed,256,100,8,13,156980,16555828
append,256,100,8,14,156980,16175929
save_committed,256,100,8,14,156980,16484810
append,256,100,8,15,156980,16127742
save_committed,256,100,8,15,156980,16551645
append,256,100,8,16,156980,15952263
save_committed,256,100,8,16,156980,16940461
append,256,100,8,17,156980,16232105
save_committed,256,100,8,17,156980,16504885
append,256,100,8,18,156980,16172805
save_committed,256,100,8,18,156980,16400360
append,256,100,8,19,156980,15916838
save_committed,256,100,8,19,156980,16716400
append,256,100,32,0,171260,16266175
save_committed,256,100,32,0,171260,15942210
append,256,100,32,1,171260,15495267
save_committed,256,100,32,1,171260,15973835
append,256,100,32,2,171260,15916798
save_committed,256,100,32,2,171260,16488326
append,256,100,32,3,171260,16055179
save_committed,256,100,32,3,171260,16544953
append,256,100,32,4,171260,16153958
save_committed,256,100,32,4,171260,16124125
append,256,100,32,5,171260,14401371
save_committed,256,100,32,5,171260,15541521
append,256,100,32,6,171260,14201961
save_committed,256,100,32,6,171260,14190001
append,256,100,32,7,171260,15304162
save_committed,256,100,32,7,171260,16938755
append,256,100,32,8,171260,16808322
save_committed,256,100,32,8,171260,17195022
append,256,100,32,9,171260,16861132
save_committed,256,100,32,9,171260,17173619
append,256,100,32,10,171260,16737391
save_committed,256,100,32,10,171260,17142696
append,256,100,32,11,171260,16680918
save_committed,256,100,32,11,171260,16829695
append,256,100,32,12,171260,16385317
save_committed,256,100,32,12,171260,16796427
append,256,100,32,13,171260,16134707
save_committed,256,100,32,13,171260,16830297
append,256,100,32,14,171260,16488789
save_committed,256,100,32,14,171260,17259027
append,256,100,32,15,171260,16727480
save_committed,256,100,32,15,171260,17026303
append,256,100,32,16,171260,16665107
save_committed,256,100,32,16,171260,16966442
append,256,100,32,17,171260,16302654
save_committed,256,100,32,17,171260,17084117
append,256,100,32,18,171260,16490850
save_committed,256,100,32,18,171260,16996026
append,256,100,32,19,171260,16187317
save_committed,256,100,32,19,171260,16514302
append,256,1024,1,0,1102687,17023687
save_committed,256,1024,1,0,1102687,18804205
append,256,1024,1,1,1102687,17289820
save_committed,256,1024,1,1,1102687,18777697
append,256,1024,1,2,1102687,16932976
save_committed,256,1024,1,2,1102687,20636283
append,256,1024,1,3,1102687,16410316
save_committed,256,1024,1,3,1102687,19994055
append,256,1024,1,4,1102687,17520556
save_committed,256,1024,1,4,1102687,19904413
append,256,1024,1,5,1102687,17615623
save_committed,256,1024,1,5,1102687,19422537
append,256,1024,1,6,1102687,17188030
save_committed,256,1024,1,6,1102687,19362280
append,256,1024,1,7,1102687,17057165
save_committed,256,1024,1,7,1102687,18954073
append,256,1024,1,8,1102687,16641851
save_committed,256,1024,1,8,1102687,19449399
append,256,1024,1,9,1102687,16708317
save_committed,256,1024,1,9,1102687,18629816
append,256,1024,1,10,1102687,16795731
save_committed,256,1024,1,10,1102687,19014621
append,256,1024,1,11,1102687,17354764
save_committed,256,1024,1,11,1102687,19115523
append,256,1024,1,12,1102687,16984172
save_committed,256,1024,1,12,1102687,19187384
append,256,1024,1,13,1102687,17478528
save_committed,256,1024,1,13,1102687,19316159
append,256,1024,1,14,1102687,17184696
save_committed,256,1024,1,14,1102687,18993292
append,256,1024,1,15,1102687,17345343
save_committed,256,1024,1,15,1102687,19088924
append,256,1024,1,16,1102687,16818017
save_committed,256,1024,1,16,1102687,18534409
append,256,1024,1,17,1102687,17059622
save_committed,256,1024,1,17,1102687,18443145
append,256,1024,1,18,1102687,17168638
save_committed,256,1024,1,18,1102687,19679580
append,256,1024,1,19,1102687,16871732
save_committed,256,1024,1,19,1102687,18636090
append,256,1024,8,0,1132724,17343229
save_committed,256,1024,8,0,1132724,19267315
append,256,1024,8,1,1132724,16978394
save_committed,256,1024,8,1,1132724,19507585
append,256,1024,8,2,1132724,16914060
save_committed,256,1024,8,2,1132724,18948370
append,256,1024,8,3,1132724,16828751
save_committed,256,1024,8,3,1132724,19139431
append,256,1024,8,4,1132724,17003850
save_committed,256,1024,8,4,1132724,18589092
append,256,1024,8,5,1132724,15913261
save_committed,256,1024,8,5,1132724,16058572
append,256,1024,8,6,1132724,17615732
save_committed,256,1024,8,6,1132724,19164910
append,256,1024,8,7,1132724,16882300
save_committed,256,1024,8,7,1132724,20032425
append,256,1024,8,8,1132724,17185176
save_committed,256,1024,8,8,1132724,19388747
append,256,1024,8,9,1132724,17206179
save_committed,256,1024,8,9,1132724,18937586
append,256,1024,8,10,1132724,16856515
save_committed,256,1024,8,10,1132724,18566583
append,256,1024,8,11,1132724,16994788
save_committed,256,1024,8,11,1132724,19333742
append,256,1024,8,12,1132724,16865504
save_committed,256,1024,8,12,1132724,18788292
append,256,1024,8,13,1132724,16863807
save_committed,256,1024,8,13,1132724,19186139
append,256,1024,8,14,1132724,16361780
save_committed,256,1024,8,14,1132724,18010906
append,256,1024,8,15,1132724,17534289
save_committed,256,1024,8,15,1132724,19990053
append,256,1024,8,16,1132724,17718483
save_committed,256,1024,8,16,1132724,20406644
append,256,1024,8,17,1132724,17889252
save_committed,256,1024,8,17,1132724,19059185
append,256,1024,8,18,1132724,17274382
save_committed,256,1024,8,18,1132724,19600929
append,256,1024,8,19,1132724,18023793
save_committed,256,1024,8,19,1132724,19664791
append,256,1024,32,0,1235708,17004713
save_committed,256,1024,32,0,1235708,19040635
append,256,1024,32,1,1235708,17819930
save_committed,256,1024,32,1,1235708,20041620
append,256,1024,32,2,1235708,17296486
save_committed,256,1024,32,2,1235708,19390187
append,256,1024,32,3,1235708,16667512
save_committed,256,1024,32,3,1235708,19191906
append,256,1024,32,4,1235708,17025251
save_committed,256,1024,32,4,1235708,19382094
append,256,1024,32,5,1235708,17112855
save_committed,256,1024,32,5,1235708,19351128
append,256,1024,32,6,1235708,17352545
save_committed,256,1024,32,6,1235708,19359903
append,256,1024,32,7,1235708,16479877
save_committed,256,1024,32,7,1235708,18873464
append,256,1024,32,8,1235708,16472718
save_committed,256,1024,32,8,1235708,18993427
append,256,1024,32,9,1235708,16705909
save_committed,256,1024,32,9,1235708,18657573
append,256,1024,32,10,1235708,16749769
save_committed,256,1024,32,10,1235708,18740909
append,256,1024,32,11,1235708,16604311
save_committed,256,1024,32,11,1235708,18750650
append,256,1024,32,12,1235708,16796854
save_committed,256,1024,32,12,1235708,19294273
append,256,1024,32,13,1235708,16200460
save_committed,256,1024,32,13,1235708,19530386
append,256,1024,32,14,1235708,16366070
save_committed,256,1024,32,14,1235708,18739435
append,256,1024,32,15,1235708,16481799
save_committed,256,1024,32,15,1235708,20213299
append,256,1024,32,16,1235708,17984482
save_committed,256,1024,32,16,1235708,20303559
append,256,1024,32,17,1235708,16511957
save_committed,256,1024,32,17,1235708,18586857
append,256,1024,32,18,1235708,16966871
save_committed,256,1024,32,18,1235708,19232020
append,256,1024,32,19,1235708,16702840
save_committed,256,1024,32,19,1235708,17877318
append,1024,100,1,0,609826,16658109
save_committed,1024,100,1,0,609826,16667562
append,1024,100,1,1,609826,16599675
save_committed,1024,100,1,1,609826,18764387
append,1024,100,1,2,609826,17025911
save_committed,1024,100,1,2,609826,17679912
append,1024,100,1,3,609826,16749543
save_committed,1024,100,1,3,609826,18494071
append,1024,100,1,4,609826,16792916
save_committed,1024,100,1,4,609826,18409838
append,1024,100,1,5,609826,16915855
save_committed,1024,100,1,5,609826,18606289
append,1024,100,1,6,609826,17336426
save_committed,1024,100,1,6,609826,18066601
append,1024,100,1,7,609826,16679021
save_committed,1024,100,1,7,609826,18724403
append,1024,100,1,8,609826,17263550
save_committed,1024,100,1,8,609826,18175231
append,1024,100,1,9,609826,17240738
save_committed,1024,100,1,9,609826,19018298
append,1024,100,1,10,609826,16483222
save_committed,1024,100,1,10,609826,18880354
append,1024,100,1,11,609826,16465037
save_committed,1024,100,1,11,609826,17820254
append,1024,100,1,12,609826,17598202
save_committed,1024,100,1,12,609826,18696775
append,1024,100,1,13,609826,16615452
save_committed,1024,100,1,13,609826,17857073
append,1024,100,1,14,609826,17463436
save_committed,1024,100,1,14,609826,17848392
append,1024,100,1,15,609826,17173573
save_committed,1024,100,1,15,609826,18530975
append,1024,100,1,16,609826,17078695
save_committed,1024,100,1,16,609826,18994137
append,1024,100,1,17,609826,16414120
save_committed,1024,100,1,17,609826,18287406
append,1024,100,1,18,609826,17617632
save_committed,1024,100,1,18,609826,23478967
append,1024,100,1,19,609826,17553615
save_committed,1024,100,1,19,609826,18884786
append,1024,100,8,0,614005,15917273
save_committed,1024,100,8,0,614005,16804447
append,1024,100,8,1,614005,16241900
save_committed,1024,100,8,1,614005,18232984
append,1024,100,8,2,614005,16674042
save_committed,1024,100,8,2,614005,17724214
append,1024,100,8,3,614005,16094122
save_committed,1024,100,8,3,614005,18714958
append,1024,100,8,4,614005,17042481
save_committed,1024,100,8,4,614005,17287422
append,1024,100,8,5,614005,17018668
save_committed,1024,100,8,5,614005,18644379
append,1024,100,8,6,614005,17093394
save_committed,1024,100,8,6,614005,18569169
append,1024,100,8,7,614005,16966502
save_committed,1024,100,8,7,614005,17977043
append,1024,100,8,8,614005,16893972
save_committed,1024,100,8,8,614005,18177305
append,1024,100,8,9,614005,16828678
save_committed,1024,100,8,9,614005,18364035
append,1024,100,8,10,614005,16314754
save_committed,1024,100,8,10,614005,18214657
append,1024,100,8,11,614005,17143922
save_committed,1024,100,8,11,614005,18804933
append,1024,100,8,12,614005,16900548
save_committed,1024,100,8,12,614005,18363207
append,1024,100,8,13,614005,16980244
save_committed,1024,100,8,13,614005,18733533
append,1024,100,8,14,614005,17004449
save_committed,1024,100,8,14,614005,18741430
append,1024,100,8,15,614005,16271104
save_committed,1024,100,8,15,614005,17559127
append,1024,100,8,16,614005,16450371
save_committed,1024,100,8,16,614005,18413544
append,1024,100,8,17,614005,16746015
save_committed,1024,100,8,17,614005,18548118
append,1024,100,8,18,614005,17022081
save_committed,1024,100,8,18,614005,17883150
append,1024,100,8,19,614005,16563938
save_committed,1024,100,8,19,614005,18094243
append,1024,100,32,0,628333,15936487
save_committed,1024,100,32,0,628333,16586992
append,1024,100,32,1,628333,16787621
save_committed,1024,100,32,1,628333,17987738
append,1024,100,32,2,628333,17473802
save_committed,1024,100,32,2,628333,18779036
append,1024,100,32,3,628333,17488774
save_committed,1024,100,32,3,628333,19127395
append,1024,100,32,4,628333,16794532
save_committed,1024,100,32,4,628333,18174329
append,1024,100,32,5,628333,16377129
save_committed,1024,100,32,5,628333,18835446
append,1024,100,32,6,628333,17501420
save_committed,1024,100,32,6,628333,18785645
append,1024,100,32,7,628333,16805547
save_committed,1024,100,32,7,628333,18949970
append,1024,100,32,8,628333,17709875
save_committed,1024,100,32,8,628333,18647637
append,1024,100,32,9,628333,16556857
save_committed,1024,100,32,9,628333,17961381
append,1024,100,32,10,628333,16318198
save_committed,1024,100,32,10,628333,15877744
append,1024,100,32,11,628333,16254135
save_committed,1024,100,32,11,628333,16539506
append,1024,100,32,12,628333,15541826
save_committed,1024,100,32,12,628333,16628303
append,1024,100,32,13,628333,17322770
save_committed,1024,100,32,13,628333,18596989
append,1024,100,32,14,628333,16934240
save_committed,1024,100,32,14,628333,18679171
append,1024,100,32,15,628333,17228041
save_committed,1024,100,32,15,628333,18822489
append,1024,100,32,16,628333,17559404
save_committed,1024,100,32,16,628333,18266627
append,1024,100,32,17,628333,17463384
save_committed,1024,100,32,17,628333,18745399
append,1024,100,32,18,628333,17623118
save_committed,1024,100,32,18,628333,18930982
append,1024,100,32,19,628333,17433409
save_committed,1024,100,32,19,628333,19319587
append,1024,1024,1,0,4398226,19067142
save_committed,1024,1024,1,0,4398226,20469533
append,1024,1024,1,1,4398226,19099686
save_committed,1024,1024,1,1,4398226,19598213
append,1024,1024,1,2,4398226,18979481
save_committed,1024,1024,1,2,4398226,19096315
append,1024,1024,1,3,4398226,19121388
save_committed,1024,1024,1,3,4398226,19132376
append,1024,1024,1,4,4398226,19987971
save_committed,1024,1024,1,4,4398226,24802434
append,1024,1024,1,5,4398226,19361769
save_committed,1024,1024,1,5,4398226,19869620
append,1024,1024,1,6,4398226,19454033
save_committed,1024,1024,1,6,4398226,19713846
append,1024,1024,1,7,4398226,19247237
save_committed,1024,1024,1,7,4398226,20622566
append,1024,1024,1,8,4398226,18833910
save_committed,1024,1024,1,8,4398226,19376834
append,1024,1024,1,9,4398226,18257504
save_committed,1024,1024,1,9,4398226,18446814
append,1024,1024,1,10,4398226,18559077
save_committed,1024,1024,1,10,4398226,19349201
append,1024,1024,1,11,4398226,18763631
save_committed,1024,1024,1,11,4398226,19725497
append,1024,1024,1,12,4398226,19459088
save_committed,1024,1024,1,12,4398226,19622819
append,1024,1024,1,13,4398226,19272384
save_committed,1024,1024,1,13,4398226,19621700
append,1024,1024,1,14,4398226,19044434
save_committed,1024,1024,1,14,4398226,19175533
append,1024,1024,1,15,4398226,18685099
save_committed,1024,1024,1,15,4398226,18701819
append,1024,1024,1,16,4398226,19427655
save_committed,1024,1024,1,16,4398226,19325505
append,1024,1024,1,17,4398226,18699173
save_committed,1024,1024,1,17,4398226,19346198
append,1024,1024,1,18,4398226,18971719
save_committed,1024,1024,1,18,4398226,19274700
append,1024,1024,1,19,4398226,19500545
save_committed,1024,1024,1,19,4398226,19296144
append,1024,1024,8,0,4428277,19174536
save_committed,1024,1024,8,0,4428277,19977981
append,1024,1024,8,1,4428277,20111270
save_committed,1024,1024,8,1,4428277,19641637
append,1024,1024,8,2,4428277,19077356
save_committed,1024,1024,8,2,4428277,19244442
append,1024,1024,8,3,4428277,18968299
save_committed,1024,1024,8,3,4428277,19135259
append,1024,1024,8,4,4428277,19245042
save_committed,1024,1024,8,4,4428277,19545717
append,1024,1024,8,5,4428277,18982353
save_committed,1024,1024,8,5,4428277,18798062
append,1024,1024,8,6,4428277,19420829
save_committed,1024,1024,8,6,4428277,19972636
append,1024,1024,8,7,4428277,18868851
save_committed,1024,1024,8,7,4428277,19135770
append,1024,1024,8,8,4428277,18887302
save_committed,1024,1024,8,8,4428277,18909646
append,1024,1024,8,9,4428277,19091404
save_committed,1024,1024,8,9,4428277,19487083
append,1024,1024,8,10,4428277,18835904
save_committed,1024,1024,8,10,4428277,19157299
append,1024,1024,8,11,4428277,18805803
save_committed,1024,1024,8,11,4428277,19555364
append,1024,1024,8,12,4428277,18967460
save_committed,1024,1024,8,12,4428277,19295925
append,1024,1024,8,13,4428277,19329597
save_committed,1024,1024,8,13,4428277,21585635
append,1024,1024,8,14,4428277,19678751
save_committed,1024,1024,8,14,4428277,20128752
append,1024,1024,8,15,4428277,19020980
save_committed,1024,1024,8,15,4428277,19824474
append,1024,1024,8,16,4428277,19123308
save_committed,1024,1024,8,16,4428277,19931575
append,1024,1024,8,17,4428277,18838876
save_committed,1024,1024,8,17,4428277,20199754
append,1024,1024,8,18,4428277,19836972
save_committed,1024,1024,8,18,4428277,20662100
append,1024,1024,8,19,4428277,19148860
save_committed,1024,1024,8,19,4428277,19912216
append,1024,1024,32,0,4531309,19099690
save_committed,1024,1024,32,0,4531309,20164272
append,1024,1024,32,1,4531309,19757128
save_committed,1024,1024,32,1,4531309,19953792
append,1024,1024,32,2,4531309,19189591
save_committed,1024,1024,32,2,4531309,19987505
append,1024,1024,32,3,4531309,19903880
save_committed,1024,1024,32,3,4531309,20612230
append,1024,1024,32,4,4531309,19818468
save_committed,1024,1024,32,4,4531309,19464192
append,1024,1024,32,5,4531309,19734323
save_committed,1024,1024,32,5,4531309,19642333
append,1024,1024,32,6,4531309,20019564
save_committed,1024,1024,32,6,4531309,22253229
append,1024,1024,32,7,4531309,19601190
save_committed,1024,1024,32,7,4531309,19957001
append,1024,1024,32,8,4531309,19047087
save_committed,1024,1024,32,8,4531309,20237086
append,1024,1024,32,9,4531309,19122307
save_committed,1024,1024,32,9,4531309,19263130
append,1024,1024,32,10,4531309,18646516
save_committed,1024,1024,32,10,4531309,18378001
append,1024,1024,32,11,4531309,19139758
save_committed,1024,1024,32,11,4531309,20054039
append,1024,1024,32,12,4531309,19667096
save_committed,1024,1024,32,12,4531309,19804750
append,1024,1024,32,13,4531309,19801128
save_committed,1024,1024,32,13,4531309,20795135
append,1024,1024,32,14,4531309,19085150
save_committed,1024,1024,32,14,4531309,21929206
append,1024,1024,32,15,4531309,18620186
save_committed,1024,1024,32,15,4531309,20035751
append,1024,1024,32,16,4531309,19793432
save_committed,1024,1024,32,16,4531309,22245414
append,1024,1024,32,17,4531309,18975776
save_committed,1024,1024,32,17,4531309,19860353
append,1024,1024,32,18,4531309,19162296
save_committed,1024,1024,32,18,4531309,19836914
append,1024,1024,32,19,4531309,19421604
save_committed,1024,1024,32,19,4531309,20334726
append,4096,100,1,0,2443810,16977752
save_committed,4096,100,1,0,2443810,18975820
append,4096,100,1,1,2443810,17454627
save_committed,4096,100,1,1,2443810,20699715
append,4096,100,1,2,2443810,17152080
save_committed,4096,100,1,2,2443810,19582016
append,4096,100,1,3,2443810,16983834
save_committed,4096,100,1,3,2443810,17236224
append,4096,100,1,4,2443810,17069748
save_committed,4096,100,1,4,2443810,19641264
append,4096,100,1,5,2443810,17787972
save_committed,4096,100,1,5,2443810,19390277
append,4096,100,1,6,2443810,17149275
save_committed,4096,100,1,6,2443810,18529411
append,4096,100,1,7,2443810,18025559
save_committed,4096,100,1,7,2443810,19383600
append,4096,100,1,8,2443810,17526495
save_committed,4096,100,1,8,2443810,18872765
append,4096,100,1,9,2443810,17618470
save_committed,4096,100,1,9,2443810,18365318
append,4096,100,1,10,2443810,17862848
save_committed,4096,100,1,10,2443810,20806929
append,4096,100,1,11,2443810,17410627
save_committed,4096,100,1,11,2443810,19160782
append,4096,100,1,12,2443810,17399385
save_committed,4096,100,1,12,2443810,19164623
append,4096,100,1,13,2443810,17374268
save_committed,4096,100,1,13,2443810,19014200
append,4096,100,1,14,2443810,17130780
save_committed,4096,100,1,14,2443810,19198621
append,4096,100,1,15,2443810,17957382
save_committed,4096,100,1,15,2443810,24822248
append,4096,100,1,16,2443810,18239223
save_committed,4096,100,1,16,2443810,19306231
append,4096,100,1,17,2443810,17677412
save_committed,4096,100,1,17,2443810,19360920
append,4096,100,1,18,2443810,17228572
save_committed,4096,100,1,18,2443810,19154608
append,4096,100,1,19,2443810,16828370
save_committed,4096,100,1,19,2443810,18085540
append,4096,100,8,0,2447989,17196245
save_committed,4096,100,8,0,2447989,20198682
append,4096,100,8,1,2447989,16713574
save_committed,4096,100,8,1,2447989,20397605
append,4096,100,8,2,2447989,17195922
save_committed,4096,100,8,2,2447989,19387833
append,4096,100,8,3,2447989,22411833
save_committed,4096,100,8,3,2447989,24256119
append,4096,100,8,4,2447989,17898569
save_committed,4096,100,8,4,2447989,19251029
append,4096,100,8,5,2447989,17007908
save_committed,4096,100,8,5,2447989,18631201
append,4096,100,8,6,2447989,17171648
save_committed,4096,100,8,6,2447989,19599933
append,4096,100,8,7,2447989,17053449
save_committed,4096,100,8,7,2447989,18911823
append,4096,100,8,8,2447989,17657027
save_committed,4096,100,8,8,2447989,19234781
append,4096,100,8,9,2447989,17660451
save_committed,4096,100,8,9,2447989,18935867
append,4096,100,8,10,2447989,17161147
save_committed,4096,100,8,10,2447989,18582545
append,4096,100,8,11,2447989,17848956
save_committed,4096,100,8,11,2447989,18677745
append,4096,100,8,12,2447989,17623391
save_committed,4096,100,8,12,2447989,19061974
append,4096,100,8,13,2447989,16947842
save_committed,4096,100,8,13,2447989,19046211
append,4096,100,8,14,2447989,17848259
save_committed,4096,100,8,14,2447989,20669670
append,4096,100,8,15,2447989,18027238
save_committed,4096,100,8,15,2447989,19484994
append,4096,100,8,16,2447989,18113721
save_committed,4096,100,8,16,2447989,19614020
append,4096,100,8,17,2447989,16923493
save_committed,4096,100,8,17,2447989,19154808
append,4096,100,8,18,2447989,17528329
save_committed,4096,100,8,18,2447989,20357700
append,4096,100,8,19,2447989,17636374
save_committed,4096,100,8,19,2447989,19512714
append,4096,100,32,0,2462317,17113223
save_committed,4096,100,32,0,2462317,18675319
append,4096,100,32,1,2462317,17527740
save_committed,4096,100,32,1,2462317,19192192
append,4096,100,32,2,2462317,21316803
save_committed,4096,100,32,2,2462317,20186943
append,4096,100,32,3,2462317,17666419
save_committed,4096,100,32,3,2462317,19052321
append,4096,100,32,4,2462317,17622813
save_committed,4096,100,32,4,2462317,19036421
append,4096,100,32,5,2462317,17242421
save_committed,4096,100,32,5,2462317,18711304
append,4096,100,32,6,2462317,17389208
save_committed,4096,100,32,6,2462317,18658605
append,4096,100,32,7,2462317,17220518
save_committed,4096,100,32,7,2462317,18207628
append,4096,100,32,8,2462317,17052916
save_committed,4096,100,32,8,2462317,20061894
append,4096,100,32,9,2462317,17088634
save_committed,4096,100,32,9,2462317,19003212
append,4096,100,32,10,2462317,17362893
save_committed,4096,100,32,10,2462317,18864689
append,4096,100,32,11,2462317,17324643
save_committed,4096,100,32,11,2462317,18489820
append,4096,100,32,12,2462317,17325364
save_committed,4096,100,32,12,2462317,18996660
append,4096,100,32,13,2462317,17443784
save_committed,4096,100,32,13,2462317,19127587
append,4096,100,32,14,2462317,17428353
save_committed,4096,100,32,14,2462317,20240241
append,4096,100,32,15,2462317,17910745
save_committed,4096,100,32,15,2462317,19280550
append,4096,100,32,16,2462317,17355783
save_committed,4096,100,32,16,2462317,18722200
append,4096,100,32,17,2462317,17526738
save_committed,4096,100,32,17,2462317,18911933
append,4096,100,32,18,2462317,17630729
save_committed,4096,100,32,18,2462317,20712515
append,4096,100,32,19,2462317,17732832
save_committed,4096,100,32,19,2462317,19358956
append,4096,1024,1,0,17586322,38438662
save_committed,4096,1024,1,0,17586322,36320231
append,4096,1024,1,1,17586322,53465028
save_committed,4096,1024,1,1,17586322,38119141
append,4096,1024,1,2,17586322,38386823
save_committed,4096,1024,1,2,17586322,37642757
append,4096,1024,1,3,17586322,37541655
save_committed,4096,1024,1,3,17586322,37554724
append,4096,1024,1,4,17586322,38315338
save_committed,4096,1024,1,4,17586322,37693946
append,4096,1024,1,5,17586322,38549769
save_committed,4096,1024,1,5,17586322,37345949
append,4096,1024,1,6,17586322,38276172
save_committed,4096,1024,1,6,17586322,38724141
append,4096,1024,1,7,17586322,38024905
save_committed,4096,1024,1,7,17586322,37699811
append,4096,1024,1,8,17586322,38385026
save_committed,4096,1024,1,8,17586322,38253942
append,4096,1024,1,9,17586322,38553675
save_committed,4096,1024,1,9,17586322,36837417
append,4096,1024,1,10,17586322,37882081
save_committed,4096,1024,1,10,17586322,38261927
append,4096,1024,1,11,17586322,37637490
save_committed,4096,1024,1,11,17586322,36498561
append,4096,1024,1,12,17586322,37417866
save_committed,4096,1024,1,12,17586322,37412229
append,4096,1024,1,13,17586322,37914963
save_committed,4096,1024,1,13,17586322,36887144
append,4096,1024,1,14,17586322,38513389
save_committed,4096,1024,1,14,17586322,37258563
append,4096,1024,1,15,17586322,38526586
save_committed,4096,1024,1,15,17586322,37258186
append,4096,1024,1,16,17586322,38236140
save_committed,4096,1024,1,16,17586322,37165594
append,4096,1024,1,17,17586322,39222255
save_committed,4096,1024,1,17,17586322,37604001
append,4096,1024,1,18,17586322,38536280
save_committed,4096,1024,1,18,17586322,37275794
append,4096,1024,1,19,17586322,38398577
save_committed,4096,1024,1,19,17586322,36909379
append,4096,1024,8,0,17616373,38717046
save_committed,4096,1024,8,0,17616373,36285293
append,4096,1024,8,1,17616373,38628666
save_committed,4096,1024,8,1,17616373,38012128
append,4096,1024,8,2,17616373,39322296
save_committed,4096,1024,8,2,17616373,37497986
append,4096,1024,8,3,17616373,38473092
save_committed,4096,1024,8,3,17616373,37603546
append,4096,1024,8,4,17616373,38862362
save_committed,4096,1024,8,4,17616373,37085410
append,4096,1024,8,5,17616373,39407955
save_committed,4096,1024,8,5,17616373,37777577
append,4096,1024,8,6,17616373,39314103
save_committed,4096,1024,8,6,17616373,37277611
append,4096,1024,8,7,17616373,38272854
save_committed,4096,1024,8,7,17616373,37606117
append,4096,1024,8,8,17616373,39314028
save_committed,4096,1024,8,8,17616373,38164047
append,4096,1024,8,9,17616373,38946154
save_committed,4096,1024,8,9,17616373,37966671
append,4096,1024,8,10,17616373,38896239
save_committed,4096,1024,8,10,17616373,37582979
append,4096,1024,8,11,17616373,38698208
save_committed,4096,1024,8,11,17616373,80382471
append,4096,1024,8,12,17616373,48440480
save_committed,4096,1024,8,12,17616373,47721025
append,4096,1024,8,13,17616373,48840679
save_committed,4096,1024,8,13,17616373,48274237
append,4096,1024,8,14,17616373,49447959
save_committed,4096,1024,8,14,17616373,48781154
append,4096,1024,8,15,17616373,48568500
save_committed,4096,1024,8,15,17616373,48082631
append,4096,1024,8,16,17616373,48917979
save_committed,4096,1024,8,16,17616373,47632296
append,4096,1024,8,17,17616373,48686826
save_committed,4096,1024,8,17,17616373,46918876
append,4096,1024,8,18,17616373,49239789
save_committed,4096,1024,8,18,17616373,46677226
append,4096,1024,8,19,17616373,47764478
save_committed,4096,1024,8,19,17616373,46570895
append,4096,1024,32,0,17719405,48829000
save_committed,4096,1024,32,0,17719405,47018273
append,4096,1024,32,1,17719405,49297484
save_committed,4096,1024,32,1,17719405,47068751
append,4096,1024,32,2,17719405,48477664
save_committed,4096,1024,32,2,17719405,47786321
append,4096,1024,32,3,17719405,48629126
save_committed,4096,1024,32,3,17719405,47956197
append,4096,1024,32,4,17719405,49058766
save_committed,4096,1024,32,4,17719405,47942938
append,4096,1024,32,5,17719405,49088740
save_committed,4096,1024,32,5,17719405,48185029
append,4096,1024,32,6,17719405,48257271
save_committed,4096,1024,32,6,17719405,47602824
append,4096,1024,32,7,17719405,49220048
save_committed,4096,1024,32,7,17719405,48516202
append,4096,1024,32,8,17719405,49838816
save_committed,4096,1024,32,8,17719405,48046010
append,4096,1024,32,9,17719405,47987735
save_committed,4096,1024,32,9,17719405,47297238
append,4096,1024,32,10,17719405,48340599
save_committed,4096,1024,32,10,17719405,47190852
append,4096,1024,32,11,17719405,47932277
save_committed,4096,1024,32,11,17719405,46776480
append,4096,1024,32,12,17719405,48326218
save_committed,4096,1024,32,12,17719405,47120633
append,4096,1024,32,13,17719405,48684282
save_committed,4096,1024,32,13,17719405,47543639
append,4096,1024,32,14,17719405,49280708
save_committed,4096,1024,32,14,17719405,48707590
append,4096,1024,32,15,17719405,49083541
save_committed,4096,1024,32,15,17719405,47817480
append,4096,1024,32,16,17719405,49270475
save_committed,4096,1024,32,16,17719405,47532103
append,4096,1024,32,17,17719405,48772509
save_committed,4096,1024,32,17,17719405,47395447
append,4096,1024,32,18,17719405,47526132
save_committed,4096,1024,32,18,17719405,47779766
append,4096,1024,32,19,17719405,47784047
save_committed,4096,1024,32,19,17719405,47142506
