source_revision,matrix_run_id,host,cpu_limit,memory_limit,case_id,payload_bytes,retained_messages,retained_logical_payload_bytes,measured_publishes,repetition,publish_elapsed_seconds,throughput_publishes_per_second,publish_p50_microseconds,publish_p99_microseconds,publish_p999_microseconds,publish_max_microseconds,snapshot_completion_wait_seconds,observer_duration_milliseconds,node_id,builds_started_delta,builds_completed_delta,build_failures_delta,build_duration_count_delta,build_duration_seconds_sum_delta,build_duration_seconds_mean,build_duration_seconds_max_since_process_start_before,build_duration_seconds_max_since_process_start_after,build_duration_seconds_max_in_this_interval,builds_in_progress_after,samples_with_build_in_progress,samples_with_build_in_progress_during_measured_publishes,rss_bytes_max_during_observed_build,rss_bytes_max_during_observed_build_and_publishes
622eeef204e944f24f2237304e2175f5d4aa894e,20261005142017155006,rkth-precision5570,2,2G,case-001-snapshot-build-hot-path-process-payload-100-c2-delay-10-retained-2048-snapshot-publishes-256-r1,100,2048,204800,256,1,0.136494888,1875.5281150162928,398.139,1691.2597999999984,9125.232065000044,11602.235,0.09030385,11.00189,1,8,8,0,8,0.06060660000000001,0.007575825000000001,0.039099649,0.039099649,,0,1,1,27009024.0,27009024.0
622eeef204e944f24f2237304e2175f5d4aa894e,20261005142017155006,rkth-precision5570,2,2G,case-001-snapshot-build-hot-path-process-payload-100-c2-delay-10-retained-2048-snapshot-publishes-256-r1,100,2048,204800,256,1,0.136494888,1875.5281150162928,398.139,1691.2597999999984,9125.232065000044,11602.235,0.09030385,11.00189,2,8,8,0,8,0.06515317399999998,0.008144146749999998,0.057039794,0.057039794,,0,1,1,26857472.0,26857472.0
622eeef204e944f24f2237304e2175f5d4aa894e,20261005142017155006,rkth-precision5570,2,2G,case-001-snapshot-build-hot-path-process-payload-100-c2-delay-10-retained-2048-snapshot-publishes-256-r1,100,2048,204800,256,1,0.136494888,1875.5281150162928,398.139,1691.2597999999984,9125.232065000044,11602.235,0.09030385,11.00189,3,8,8,0,8,0.06017115099999998,0.007521393874999997,0.049011769,0.049011769,,0,1,1,26087424.0,26087424.0
622eeef204e944f24f2237304e2175f5d4aa894e,20261005142017155006,rkth-precision5570,2,2G,case-002-snapshot-build-hot-path-process-payload-100-c2-delay-10-retained-2048-snapshot-publishes-256-r2,100,2048,204800,256,2,0.185649297,1378.94408509395,541.6,2352.255849999999,20194.09047000011,26172.516,0.093179357,6.443648,1,8,8,0,8,0.089085892,0.0111357365,0.050915435,0.050915435,,0,0,0,,
622eeef204e944f24f2237304e2175f5d4aa894e,20261005142017155006,rkth-precision5570,2,2G,case-002-snapshot-build-hot-path-process-payload-100-c2-delay-10-retained-2048-snapshot-publishes-256-r2,100,2048,204800,256,2,0.185649297,1378.94408509395,541.6,2352.255849999999,20194.09047000011,26172.516,0.093179357,6.443648,2,8,8,0,8,0.09033253000000002,0.011291566250000003,0.05321024,0.05321024,,0,0,0,,
622eeef204e944f24f2237304e2175f5d4aa894e,20261005142017155006,rkth-precision5570,2,2G,case-002-snapshot-build-hot-path-process-payload-100-c2-delay-10-retained-2048-snapshot-publishes-256-r2,100,2048,204800,256,2,0.185649297,1378.94408509395,541.6,2352.255849999999,20194.09047000011,26172.516,0.093179357,6.443648,3,8,8,0,8,0.051000777,0.006375097125,0.045532815,0.045532815,,0,0,0,,
622eeef204e944f24f2237304e2175f5d4aa894e,20261005142017155006,rkth-precision5570,2,2G,case-003-snapshot-build-hot-path-process-payload-100-c2-delay-10-retained-15000-snapshot-publishes-256-r1,100,15000,1500000,256,1,0.40808187,627.3251002305003,523.5595,39332.32484999988,58606.46057500001,59046.064,0.16542561,112.015089,1,6,6,0,6,0.42381186900000145,0.07063531150000024,0.167096811,0.167096811,,0,3,2,98205696.0,98205696.0
622eeef204e944f24f2237304e2175f5d4aa894e,20261005142017155006,rkth-precision5570,2,2G,case-003-snapshot-build-hot-path-process-payload-100-c2-delay-10-retained-15000-snapshot-publishes-256-r1,100,15000,1500000,256,1,0.40808187,627.3251002305003,523.5595,39332.32484999988,58606.46057500001,59046.064,0.16542561,112.015089,2,5,5,0,5,0.39173299299999975,0.07834659859999996,0.111306381,0.111306381,,0,2,2,86036480.0,86036480.0
622eeef204e944f24f2237304e2175f5d4aa894e,20261005142017155006,rkth-precision5570,2,2G,case-003-snapshot-build-hot-path-process-payload-100-c2-delay-10-retained-15000-snapshot-publishes-256-r1,100,15000,1500000,256,1,0.40808187,627.3251002305003,523.5595,39332.32484999988,58606.46057500001,59046.064,0.16542561,112.015089,3,6,6,0,6,0.46711115999999997,0.07785186,0.110346651,0.110346651,,0,3,2,93507584.0,93507584.0
622eeef204e944f24f2237304e2175f5d4aa894e,20261005142017155006,rkth-precision5570,2,2G,case-004-snapshot-build-hot-path-process-payload-100-c2-delay-10-retained-15000-snapshot-publishes-256-r2,100,15000,1500000,256,2,0.295102277,867.4958478886965,391.3055,18230.637549999716,62723.60301000002,63879.186,0.117576408,25.305093,1,4,4,0,4,0.3046362940000016,0.0761590735000004,0.193492703,0.193492703,,0,2,2,93577216.0,93577216.0
622eeef204e944f24f2237304e2175f5d4aa894e,20261005142017155006,rkth-precision5570,2,2G,case-004-snapshot-build-hot-path-process-payload-100-c2-delay-10-retained-15000-snapshot-publishes-256-r2,100,15000,1500000,256,2,0.295102277,867.4958478886965,391.3055,18230.637549999716,62723.60301000002,63879.186,0.117576408,25.305093,2,4,4,0,4,0.2683403670000004,0.0670850917500001,0.166804486,0.166804486,,0,3,2,93118464.0,74280960.0
622eeef204e944f24f2237304e2175f5d4aa894e,20261005142017155006,rkth-precision5570,2,2G,case-004-snapshot-build-hot-path-process-payload-100-c2-delay-10-retained-15000-snapshot-publishes-256-r2,100,15000,1500000,256,2,0.295102277,867.4958478886965,391.3055,18230.637549999716,62723.60301000002,63879.186,0.117576408,25.305093,3,4,4,0,4,0.2672036609999999,0.06680091524999998,0.173470577,0.173470577,,0,2,1,90681344.0,73244672.0
622eeef204e944f24f2237304e2175f5d4aa894e,20261005142017155006,rkth-precision5570,2,2G,case-005-snapshot-build-hot-path-process-payload-1024-c2-delay-10-retained-2048-snapshot-publishes-256-r1,1024,2048,2097152,256,1,1.000216367,255.94462202996525,1549.792,55722.228649999975,67580.14113000006,70706.46,0.119773972,112.175686,1,7,7,0,7,0.8385052690000006,0.11978646700000008,0.195863977,0.195863977,,0,8,8,117207040.0,117207040.0
622eeef204e944f24f2237304e2175f5d4aa894e,20261005142017155006,rkth-precision5570,2,2G,case-005-snapshot-build-hot-path-process-payload-1024-c2-delay-10-retained-2048-snapshot-publishes-256-r1,1024,2048,2097152,256,1,1.000216367,255.94462202996525,1549.792,55722.228649999975,67580.14113000006,70706.46,0.119773972,112.175686,2,8,8,0,8,0.9057113870000002,0.11321392337500003,0.173662912,0.173662912,,0,9,9,107581440.0,107581440.0
622eeef204e944f24f2237304e2175f5d4aa894e,20261005142017155006,rkth-precision5570,2,2G,case-005-snapshot-build-hot-path-process-payload-1024-c2-delay-10-retained-2048-snapshot-publishes-256-r1,1024,2048,2097152,256,1,1.000216367,255.94462202996525,1549.792,55722.228649999975,67580.14113000006,70706.46,0.119773972,112.175686,3,8,8,0,8,0.8232326910000003,0.10290408637500004,0.168937071,0.168937071,,0,8,8,100278272.0,100278272.0
622eeef204e944f24f2237304e2175f5d4aa894e,20261005142017155006,rkth-precision5570,2,2G,case-006-snapshot-build-hot-path-process-payload-1024-c2-delay-10-retained-2048-snapshot-publishes-256-r2,1024,2048,2097152,256,2,0.993334769,257.7177483253886,1531.058,63030.27939999998,65584.462755,65628.858,0.08899863,197.913603,1,8,8,0,8,0.9801912359999996,0.12252390449999995,0.165953143,0.177463765,0.177463765,0,7,7,138264576.0,138264576.0
622eeef204e944f24f2237304e2175f5d4aa894e,20261005142017155006,rkth-precision5570,2,2G,case-006-snapshot-build-hot-path-process-payload-1024-c2-delay-10-retained-2048-snapshot-publishes-256-r2,1024,2048,2097152,256,2,0.993334769,257.7177483253886,1531.058,63030.27939999998,65584.462755,65628.858,0.08899863,197.913603,2,7,7,0,7,0.8122076700000003,0.11602966714285719,0.171187089,0.171187089,,0,6,6,158068736.0,158068736.0
622eeef204e944f24f2237304e2175f5d4aa894e,20261005142017155006,rkth-precision5570,2,2G,case-006-snapshot-build-hot-path-process-payload-1024-c2-delay-10-retained-2048-snapshot-publishes-256-r2,1024,2048,2097152,256,2,0.993334769,257.7177483253886,1531.058,63030.27939999998,65584.462755,65628.858,0.08899863,197.913603,3,8,8,0,8,0.9567082080000002,0.11958852600000003,0.167740677,0.172049413,0.172049413,0,7,7,147345408.0,147345408.0
622eeef204e944f24f2237304e2175f5d4aa894e,20261005142017155006,rkth-precision5570,2,2G,case-007-snapshot-build-hot-path-process-payload-1024-c2-delay-10-retained-15000-snapshot-publishes-256-r1,1024,15000,15360000,256,1,4.980428951,51.4011950614412,3211.195,213959.24414999972,923800.060015004,1152107.947,0.691358495,1322.257904,1,4,4,0,4,5.210287641999997,1.3025719104999993,0.898931758,2.012412131,2.012412131,0,27,24,443609088.0,443244544.0
622eeef204e944f24f2237304e2175f5d4aa894e,20261005142017155006,rkth-precision5570,2,2G,case-007-snapshot-build-hot-path-process-payload-1024-c2-delay-10-retained-15000-snapshot-publishes-256-r1,1024,15000,15360000,256,1,4.980428951,51.4011950614412,3211.195,213959.24414999972,923800.060015004,1152107.947,0.691358495,1322.257904,2,4,4,0,4,5.3800144500000044,1.3450036125000011,0.993346745,2.085598694,2.085598694,0,29,24,472924160.0,472924160.0
622eeef204e944f24f2237304e2175f5d4aa894e,20261005142017155006,rkth-precision5570,2,2G,case-007-snapshot-build-hot-path-process-payload-1024-c2-delay-10-retained-15000-snapshot-publishes-256-r1,1024,15000,15360000,256,1,4.980428951,51.4011950614412,3211.195,213959.24414999972,923800.060015004,1152107.947,0.691358495,1322.257904,3,4,4,0,4,5.2191548310000115,1.3047887077500029,0.916661587,2.030468209,2.030468209,0,28,24,443994112.0,443994112.0
622eeef204e944f24f2237304e2175f5d4aa894e,20261005142017155006,rkth-precision5570,2,2G,case-008-snapshot-build-hot-path-process-payload-1024-c2-delay-10-retained-15000-snapshot-publishes-256-r2,1024,15000,15360000,256,2,2.513686234,101.8424640821739,2861.7135,113070.62819999964,242406.75065000064,277421.048,0.343486602,640.963966,1,3,3,0,3,2.6169840709999903,0.8723280236666634,0.906992865,0.930381788,0.930381788,0,18,17,450342912.0,450342912.0
622eeef204e944f24f2237304e2175f5d4aa894e,20261005142017155006,rkth-precision5570,2,2G,case-008-snapshot-build-hot-path-process-payload-1024-c2-delay-10-retained-15000-snapshot-publishes-256-r2,1024,15000,15360000,256,2,2.513686234,101.8424640821739,2861.7135,113070.62819999964,242406.75065000064,277421.048,0.343486602,640.963966,2,3,3,0,3,2.595728732999987,0.8652429109999957,0.898659025,0.909324247,0.909324247,0,17,16,465649664.0,465649664.0
622eeef204e944f24f2237304e2175f5d4aa894e,20261005142017155006,rkth-precision5570,2,2G,case-008-snapshot-build-hot-path-process-payload-1024-c2-delay-10-retained-15000-snapshot-publishes-256-r2,1024,15000,15360000,256,2,2.513686234,101.8424640821739,2861.7135,113070.62819999964,242406.75065000064,277421.048,0.343486602,640.963966,3,3,3,0,3,2.5961741699999976,0.8653913899999992,0.900462044,0.904864673,0.904864673,0,19,16,443801600.0,443801600.0
